-- phpMyAdmin SQL Dump
-- version 5.2.1
-- https://www.phpmyadmin.net/
--
-- Host: 127.0.0.1
-- Generation Time: Nov 26, 2025 at 07:12 AM
-- Server version: 10.4.32-MariaDB
-- PHP Version: 8.2.12

SET SQL_MODE = "NO_AUTO_VALUE_ON_ZERO";
START TRANSACTION;
SET time_zone = "+00:00";


/*!40101 SET @OLD_CHARACTER_SET_CLIENT=@@CHARACTER_SET_CLIENT */;
/*!40101 SET @OLD_CHARACTER_SET_RESULTS=@@CHARACTER_SET_RESULTS */;
/*!40101 SET @OLD_COLLATION_CONNECTION=@@COLLATION_CONNECTION */;
/*!40101 SET NAMES utf8mb4 */;

--
-- Database: `smart_solar`
--

-- --------------------------------------------------------

--
-- Table structure for table `battery_threshold`
--

CREATE TABLE `battery_threshold` (
  `id` int(11) NOT NULL,
  `threshold_name` varchar(50) NOT NULL,
  `value` int(11) DEFAULT 100,
  `last_updated` timestamp NOT NULL DEFAULT current_timestamp() ON UPDATE current_timestamp()
) ENGINE=InnoDB DEFAULT CHARSET=utf8mb4 COLLATE=utf8mb4_general_ci;

--
-- Dumping data for table `battery_threshold`
--

INSERT INTO `battery_threshold` (`id`, `threshold_name`, `value`, `last_updated`) VALUES
(1, 'MainBattery', 25, '2025-11-26 05:40:33');

-- --------------------------------------------------------

--
-- Table structure for table `control_load`
--

CREATE TABLE `control_load` (
  `id` int(11) NOT NULL,
  `load_name` varchar(50) NOT NULL,
  `state` tinyint(1) DEFAULT 0,
  `last_updated` timestamp NOT NULL DEFAULT current_timestamp() ON UPDATE current_timestamp()
) ENGINE=InnoDB DEFAULT CHARSET=utf8mb4 COLLATE=utf8mb4_general_ci;

--
-- Dumping data for table `control_load`
--

INSERT INTO `control_load` (`id`, `load_name`, `state`, `last_updated`) VALUES
(1, 'MainLoad', 0, '2025-11-26 06:05:52');

-- --------------------------------------------------------

--
-- Table structure for table `notifications`
--

CREATE TABLE `notifications` (
  `id` int(11) NOT NULL,
  `message` varchar(255) NOT NULL,
  `icon` varchar(50) DEFAULT 'ti ti-bell',
  `time_stamp` datetime DEFAULT current_timestamp()
) ENGINE=InnoDB DEFAULT CHARSET=utf8mb4 COLLATE=utf8mb4_general_ci;

--
-- Dumping data for table `notifications`
--

INSERT INTO `notifications` (`id`, `message`, `icon`, `time_stamp`) VALUES
(1, 'Hey! Your battery\'s running low — it\'s down to 0%.', 'ti ti-bell', '2025-11-25 11:29:31'),
(2, 'Heads up! Battery voltage is low (0.81V).', 'ti ti-bell', '2025-11-25 11:29:31'),
(3, 'Solar voltage seems low (4.63V). Maybe it’s cloudy?', 'ti ti-bell', '2025-11-25 11:29:32'),
(4, 'Solar power’s really low (0.62W).', 'ti ti-bell', '2025-11-25 11:29:32'),
(5, 'Temperature alert — your system’s at 85°C.', 'ti ti-bell', '2025-11-25 11:29:32'),
(6, 'Critical alert! System temperature is very high (85°C).', 'ti ti-bell', '2025-11-25 11:29:32'),
(7, 'Power’s in trouble — solar isn’t producing and your battery’s almost empty!', 'ti ti-bell', '2025-11-25 11:31:57'),
(8, 'Good news! Your battery’s almost full at 100%.', 'ti ti-bell', '2025-11-25 11:32:52'),
(9, 'Solar voltage seems low (5.03V). Maybe it’s cloudy?', 'ti ti-bell', '2025-11-25 11:39:31'),
(10, 'Solar power’s really low (4.57W).', 'ti ti-bell', '2025-11-25 11:39:31'),
(11, 'System temperature is below freezing (-127°C).', 'ti ti-bell', '2025-11-25 11:40:42'),
(12, 'Hey! Your battery\'s running low — it\'s down to 0%.', 'ti ti-bell', '2025-11-26 00:11:36'),
(13, 'Heads up! Battery voltage is low (0.81V).', 'ti ti-bell', '2025-11-26 00:11:36'),
(14, 'Solar voltage seems low (1.11V). Maybe it’s cloudy?', 'ti ti-bell', '2025-11-26 00:11:37'),
(15, 'Solar power’s really low (1.77W).', 'ti ti-bell', '2025-11-26 00:11:37'),
(16, 'Main load has been turned ON by Seth Kovo Gonzales', 'ti ti-bell', '2025-11-26 00:11:43'),
(17, 'Battery threshold updated to 0% by Seth Kovo Gonzales', 'ti ti-bell', '2025-11-26 00:12:07'),
(18, 'Hey! Your battery\'s running low — it\'s down to 0%.', 'ti ti-bell', '2025-11-26 00:34:14'),
(19, 'Heads up! Battery voltage is low (0.81V).', 'ti ti-bell', '2025-11-26 00:34:14'),
(20, 'Solar voltage seems low (1.11V). Maybe it’s cloudy?', 'ti ti-bell', '2025-11-26 00:34:15'),
(21, 'Solar power’s really low (2.16W).', 'ti ti-bell', '2025-11-26 00:34:15'),
(22, 'Temperature alert — your system’s at 85°C.', 'ti ti-bell', '2025-11-26 00:34:15'),
(23, 'Critical alert! System temperature is very high (85°C).', 'ti ti-bell', '2025-11-26 00:34:15'),
(24, 'Good news! Your battery’s almost full at 100%.', 'ti ti-bell', '2025-11-26 00:35:21'),
(25, 'Main load has been turned OFF by Seth Kovo Gonzales', 'ti ti-bell', '2025-11-26 00:35:59'),
(26, 'Solar voltage seems low (1.11V). Maybe it’s cloudy?', 'ti ti-bell', '2025-11-26 12:45:05'),
(27, 'Solar power’s really low (2.78W).', 'ti ti-bell', '2025-11-26 12:45:06'),
(28, 'Temperature alert — your system’s at 85°C.', 'ti ti-bell', '2025-11-26 12:46:18'),
(29, 'Critical alert! System temperature is very high (85°C).', 'ti ti-bell', '2025-11-26 12:46:18'),
(30, 'Good news! Your battery’s almost full at 100%.', 'ti ti-bell', '2025-11-26 12:52:48'),
(31, 'Solar voltage seems low (11.86V). Maybe it’s cloudy?', 'ti ti-bell', '2025-11-26 12:59:31'),
(32, 'Solar power’s really low (25.26W).', 'ti ti-bell', '2025-11-26 12:59:32'),
(33, 'Temperature alert — your system’s at 85°C.', 'ti ti-bell', '2025-11-26 13:01:04'),
(34, 'Critical alert! System temperature is very high (85°C).', 'ti ti-bell', '2025-11-26 13:01:04'),
(35, 'Good news! Your battery’s almost full at 100%.', 'ti ti-bell', '2025-11-26 13:07:57'),
(36, 'Solar voltage seems low (11.35V). Maybe it’s cloudy?', 'ti ti-bell', '2025-11-26 13:16:21'),
(37, 'Solar power’s really low (20W).', 'ti ti-bell', '2025-11-26 13:16:22'),
(38, 'Temperature alert — your system’s at 85°C.', 'ti ti-bell', '2025-11-26 13:16:22'),
(39, 'Critical alert! System temperature is very high (85°C).', 'ti ti-bell', '2025-11-26 13:16:22'),
(40, 'Main load has been turned ON by Seth Kovo Gonzales', 'ti ti-bell', '2025-11-26 13:17:22'),
(41, 'Heads up! Battery voltage is low (10.98V).', 'ti ti-bell', '2025-11-26 13:17:34'),
(42, 'Main load has been turned OFF by Seth Kovo Gonzales', 'ti ti-bell', '2025-11-26 13:18:07'),
(43, 'Main load has been turned ON by Seth Kovo Gonzales', 'ti ti-bell', '2025-11-26 13:18:48'),
(44, 'Main load has been turned OFF by Seth Kovo Gonzales', 'ti ti-bell', '2025-11-26 13:19:48'),
(45, 'Main load has been turned ON by Seth Kovo Gonzales', 'ti ti-bell', '2025-11-26 13:21:54'),
(46, 'Main load has been turned OFF by Seth Kovo Gonzales', 'ti ti-bell', '2025-11-26 13:22:30'),
(47, 'Main load has been turned ON by Seth Kovo Gonzales', 'ti ti-bell', '2025-11-26 13:23:04'),
(48, 'Main load has been turned OFF by Seth Kovo Gonzales', 'ti ti-bell', '2025-11-26 13:23:20'),
(49, 'Good news! Your battery’s almost full at 100%.', 'ti ti-bell', '2025-11-26 13:26:28'),
(50, 'Solar voltage seems low (11.08V). Maybe it’s cloudy?', 'ti ti-bell', '2025-11-26 13:26:28'),
(51, 'Solar power’s really low (14.52W).', 'ti ti-bell', '2025-11-26 13:26:28'),
(52, 'Temperature alert — your system’s at 85°C.', 'ti ti-bell', '2025-11-26 13:26:29'),
(53, 'Critical alert! System temperature is very high (85°C).', 'ti ti-bell', '2025-11-26 13:26:29'),
(54, 'Main load has been turned ON by Seth Kovo Gonzales', 'ti ti-bell', '2025-11-26 13:27:25'),
(55, 'Main load has been turned OFF by Seth Kovo Gonzales', 'ti ti-bell', '2025-11-26 13:27:46'),
(56, 'Main load has been turned ON by Seth Kovo Gonzales', 'ti ti-bell', '2025-11-26 13:28:07'),
(57, 'Hey! Your battery\'s running low — it\'s down to 0%.', 'ti ti-bell', '2025-11-26 13:37:19'),
(58, 'Heads up! Battery voltage is low (0.84V).', 'ti ti-bell', '2025-11-26 13:37:20'),
(59, 'Solar voltage seems low (1.35V). Maybe it’s cloudy?', 'ti ti-bell', '2025-11-26 13:37:20'),
(60, 'Solar power’s really low (2.28W).', 'ti ti-bell', '2025-11-26 13:37:20'),
(61, 'Temperature alert — your system’s at 85°C.', 'ti ti-bell', '2025-11-26 13:37:20'),
(62, 'Critical alert! System temperature is very high (85°C).', 'ti ti-bell', '2025-11-26 13:37:20'),
(63, 'Hey! Your battery\'s running low — it\'s down to 0%.', 'ti ti-bell', '2025-11-26 13:39:02'),
(64, 'Heads up! Battery voltage is low (0.82V).', 'ti ti-bell', '2025-11-26 13:39:02'),
(65, 'Solar voltage seems low (1.52V). Maybe it’s cloudy?', 'ti ti-bell', '2025-11-26 13:39:02'),
(66, 'Solar power’s really low (2.36W).', 'ti ti-bell', '2025-11-26 13:39:03'),
(67, 'Main load has been turned OFF by Seth Kovo Gonzales', 'ti ti-bell', '2025-11-26 13:39:58'),
(68, 'Battery threshold updated to 100% by Seth Kovo Gonzales', 'ti ti-bell', '2025-11-26 13:40:22'),
(69, 'Battery threshold updated to 25% by Seth Kovo Gonzales', 'ti ti-bell', '2025-11-26 13:40:33'),
(70, 'Main load has been turned ON by Seth Kovo Gonzales', 'ti ti-bell', '2025-11-26 13:40:43'),
(71, 'Good news! Your battery’s almost full at 100%.', 'ti ti-bell', '2025-11-26 13:41:14'),
(72, 'Main load has been turned OFF by Seth Kovo Gonzales', 'ti ti-bell', '2025-11-26 13:42:14'),
(73, 'Main load has been turned ON by Seth Kovo Gonzales', 'ti ti-bell', '2025-11-26 13:42:31'),
(74, 'Main load has been turned OFF by Seth Kovo Gonzales', 'ti ti-bell', '2025-11-26 13:43:32'),
(75, 'Main load has been turned ON by Seth Kovo Gonzales', 'ti ti-bell', '2025-11-26 13:44:57'),
(76, 'Main load has been turned OFF by Seth Kovo Gonzales', 'ti ti-bell', '2025-11-26 13:46:27'),
(77, 'Main load has been turned ON by Seth Kovo Gonzales', 'ti ti-bell', '2025-11-26 13:48:21'),
(78, 'Heads up! Battery voltage is low (0.81V).', 'ti ti-bell', '2025-11-26 13:49:03'),
(79, 'Solar voltage seems low (11.35V). Maybe it’s cloudy?', 'ti ti-bell', '2025-11-26 13:49:04'),
(80, 'Solar power’s really low (0.21W).', 'ti ti-bell', '2025-11-26 13:49:04'),
(81, 'Temperature alert — your system’s at 85°C.', 'ti ti-bell', '2025-11-26 13:50:17'),
(82, 'Critical alert! System temperature is very high (85°C).', 'ti ti-bell', '2025-11-26 13:50:17'),
(83, 'Main load has been turned OFF by Seth Kovo Gonzales', 'ti ti-bell', '2025-11-26 13:51:31'),
(84, 'Good news! Your battery’s almost full at 100%.', 'ti ti-bell', '2025-11-26 14:01:31'),
(85, 'Solar voltage seems low (11.22V). Maybe it’s cloudy?', 'ti ti-bell', '2025-11-26 14:01:31'),
(86, 'Solar power’s really low (3.25W).', 'ti ti-bell', '2025-11-26 14:01:31'),
(87, 'Temperature alert — your system’s at 85°C.', 'ti ti-bell', '2025-11-26 14:01:31'),
(88, 'Critical alert! System temperature is very high (85°C).', 'ti ti-bell', '2025-11-26 14:01:31'),
(89, 'Main load has been turned ON by Seth Kovo Gonzales', 'ti ti-bell', '2025-11-26 14:02:52'),
(90, 'Main load has been turned OFF by Seth Kovo Gonzales', 'ti ti-bell', '2025-11-26 14:03:16'),
(91, 'Main load has been turned ON by Seth Kovo Gonzales', 'ti ti-bell', '2025-11-26 14:03:56'),
(92, 'Main load has been turned OFF by Seth Kovo Gonzales', 'ti ti-bell', '2025-11-26 14:05:52');

-- --------------------------------------------------------

--
-- Table structure for table `sensor_reading`
--

CREATE TABLE `sensor_reading` (
  `id` int(11) NOT NULL,
  `solar_voltage` float NOT NULL,
  `solar_current` float NOT NULL,
  `solar_power` float NOT NULL,
  `battery_voltage` float NOT NULL,
  `battery_current` float NOT NULL,
  `battery_power` float NOT NULL,
  `battery_soc` float NOT NULL,
  `temperature` float NOT NULL,
  `reading_time` datetime NOT NULL DEFAULT current_timestamp()
) ENGINE=InnoDB DEFAULT CHARSET=utf8mb4 COLLATE=utf8mb4_general_ci;

--
-- Dumping data for table `sensor_reading`
--

INSERT INTO `sensor_reading` (`id`, `solar_voltage`, `solar_current`, `solar_power`, `battery_voltage`, `battery_current`, `battery_power`, `battery_soc`, `temperature`, `reading_time`) VALUES
(1, 4.63, 0.13, 0.62, 0.81, 0.16, 0.13, 0, 85, '2025-11-25 11:29:31'),
(2, 4.63, 0.1, 0.47, 0.81, 0.45, 0.37, 0, 28.9, '2025-11-25 11:29:33'),
(3, 4.56, 0.07, 0.32, 0.81, 0.39, 0.32, 0, 28.9, '2025-11-25 11:29:36'),
(4, 11.66, 0.09, 1, 0.81, 0.36, 0.29, 0, 28.9, '2025-11-25 11:29:37'),
(5, 4.52, 0.07, 0.32, 0.81, 0.31, 0.25, 0, 28.9, '2025-11-25 11:29:40'),
(6, 11.66, 0.06, 0.75, 0.81, 0.22, 0.18, 0, 28.9, '2025-11-25 11:29:42'),
(7, 4.51, 0.12, 0.56, 0.81, 0.3, 0.24, 0, 28.9, '2025-11-25 11:29:44'),
(8, 4.56, 0.02, 0.1, 0.81, 0.39, 0.32, 0, 28.9, '2025-11-25 11:29:48'),
(9, 4.46, 0.1, 0.43, 0.81, 0.5, 0.4, 0, 28.9, '2025-11-25 11:29:51'),
(10, 4.59, 0.11, 0.49, 0.81, 0.62, 0.5, 0, 29, '2025-11-25 11:29:54'),
(11, 4.43, 0.08, 0.36, 0.81, 0.06, 0.05, 0, 28.9, '2025-11-25 11:29:57'),
(12, 4.54, 0.15, 0.66, 0.81, 0.19, 0.16, 0, 29, '2025-11-25 11:30:01'),
(13, 4.49, 0.1, 0.46, 0.81, 0.46, 0.37, 0, 85, '2025-11-25 11:31:12'),
(14, 4.46, 0.08, 0.34, 0.81, 0.34, 0.27, 0, 29.2, '2025-11-25 11:31:15'),
(15, 4.45, 0.15, 0.65, 0.81, 0.25, 0.2, 0, 29.2, '2025-11-25 11:31:17'),
(16, 4.49, 0.05, 0.22, 0.81, 0.26, 0.21, 0, 29.2, '2025-11-25 11:31:19'),
(17, 4.43, 0.15, 0.65, 0.81, 0.25, 0.2, 0, 29.2, '2025-11-25 11:31:21'),
(18, 4.45, 0.09, 0.39, 0.81, 0.34, 0.27, 0, 29.2, '2025-11-25 11:31:23'),
(19, 4.52, 0.09, 0.39, 0.81, 0.01, 0, 0, 29.2, '2025-11-25 11:31:25'),
(20, 4.43, 0.07, 0.31, 0.81, 0.31, 0.25, 0, 29.2, '2025-11-25 11:31:27'),
(21, 4.45, 0.11, 0.48, 0.81, 0.31, 0.25, 0, 29.2, '2025-11-25 11:31:29'),
(22, 4.53, 0.06, 0.27, 0.81, 0.34, 0.27, 0, 29.2, '2025-11-25 11:31:31'),
(23, 4.52, 0.07, 0.32, 0.81, 0.44, 0.36, 0, 29.3, '2025-11-25 11:31:34'),
(24, 11.39, 0.09, 0.99, 0.81, 0.01, 0, 0, 29.2, '2025-11-25 11:31:36'),
(25, 4.31, 0.16, 0.7, 0.81, 0.17, 0.14, 0, 29.3, '2025-11-25 11:31:38'),
(26, 4.45, 0.09, 0.38, 0.81, 0.14, 0.11, 0, 29.3, '2025-11-25 11:31:40'),
(27, 4.32, 0.06, 0.26, 0.81, 0.52, 0.42, 0, 29.2, '2025-11-25 11:31:42'),
(28, 4.32, 0.08, 0.35, 0.81, 0.37, 0.3, 0, 29.2, '2025-11-25 11:31:44'),
(29, 4.32, 0.14, 0.61, 0.81, 0.4, 0.32, 0, 29.3, '2025-11-25 11:31:46'),
(30, 4.49, 0.09, 0.39, 0.81, 0.4, 0.32, 0, 29.3, '2025-11-25 11:31:49'),
(31, 4.32, 0.1, 0.42, 0.81, 0.31, 0.25, 0, 29.3, '2025-11-25 11:31:50'),
(32, 4.29, 0.09, 0.37, 0.81, 0.4, 0.32, 0, 29.3, '2025-11-25 11:31:53'),
(33, 11.17, 0.02, 0.24, 0.81, 0.34, 0.27, 0, 29.3, '2025-11-25 11:31:55'),
(34, 4.32, 0.02, 0.09, 0.81, 0.52, 0.42, 0, 29.3, '2025-11-25 11:31:57'),
(35, 4.31, 0, 0, 0.81, 0.46, 0.37, 0, 29.3, '2025-11-25 11:31:59'),
(36, 4.23, 0.11, 0.46, 0.81, 0.63, 0.51, 0, 29.4, '2025-11-25 11:32:03'),
(37, 4.32, 0.15, 0.63, 0.81, 0.54, 0.43, 0, 29.4, '2025-11-25 11:32:06'),
(38, 4.32, 0.04, 0.19, 0.81, 0.01, 0, 0, 29.4, '2025-11-25 11:32:08'),
(39, 4.29, 0.05, 0.23, 0.81, 0.37, 0.3, 0, 29.4, '2025-11-25 11:32:10'),
(40, 4.32, 0.12, 0.54, 0.81, 0.28, 0.22, 0, 29.4, '2025-11-25 11:32:12'),
(41, 4.32, 0.08, 0.33, 0.81, 0.13, 0.1, 0, 29.4, '2025-11-25 11:32:14'),
(42, 4.26, 0.12, 0.53, 0.81, 0.31, 0.25, 0, 29.4, '2025-11-25 11:32:16'),
(43, 4.29, 0.04, 0.16, 0.81, 0.37, 0.3, 0, 29.4, '2025-11-25 11:32:19'),
(44, 4.24, 0.04, 0.16, 0.81, 0.08, 0.07, 0, 29.4, '2025-11-25 11:32:21'),
(45, 10.97, 0.03, 0.3, 0.81, 0.34, 0.27, 0, 29.4, '2025-11-25 11:32:23'),
(46, 4.23, 0.08, 0.34, 0.81, 0.19, 0.15, 0, 29.4, '2025-11-25 11:32:25'),
(47, 4.32, 0.1, 0.42, 0.81, 0.1, 0.08, 0, 29.4, '2025-11-25 11:32:27'),
(48, 10.98, 0.08, 0.83, 0.81, 0.19, 0.15, 0, 29.4, '2025-11-25 11:32:29'),
(49, 4.31, 0.02, 0.09, 0.81, 0.34, 0.27, 0, 29.4, '2025-11-25 11:32:31'),
(50, 4.31, 0.04, 0.19, 0.81, 0.31, 0.25, 0, 29.4, '2025-11-25 11:32:33'),
(51, 4.31, 0.04, 0.16, 0.81, 0.37, 0.3, 0, 29.4, '2025-11-25 11:32:35'),
(52, 5.23, 0.65, 3.4, 0.89, 2.16, 1.92, 0, 29.4, '2025-11-25 11:32:37'),
(53, 5.34, 0.78, 4.18, 0.91, 2.41, 2.19, 0, 29.4, '2025-11-25 11:32:40'),
(54, 5.39, 0.79, 4.25, 0.96, 2.51, 2.41, 0, 29.4, '2025-11-25 11:32:42'),
(55, 5.3, 0.79, 4.18, 0.93, 2.14, 1.99, 0, 29.4, '2025-11-25 11:32:44'),
(56, 5.37, 0.74, 3.97, 0.89, 2.44, 2.19, 0, 29.4, '2025-11-25 11:32:46'),
(57, 5.32, 0.64, 3.42, 0.92, 2.23, 2.05, 0, 29.4, '2025-11-25 11:32:48'),
(58, 5.19, 0.75, 3.88, 0.89, 2.19, 1.94, 0, 29.4, '2025-11-25 11:32:50'),
(59, 5.35, 0.75, 3.99, 13.57, 2.43, 32.96, 100, 29.4, '2025-11-25 11:32:52'),
(60, 12.13, 0.77, 9.31, 13.54, 1.72, 23.26, 100, 29.4, '2025-11-25 11:32:55'),
(61, 5.3, 0.52, 2.78, 13.6, 2.19, 29.74, 100, 29.5, '2025-11-25 11:32:58'),
(62, 5.24, 0.68, 3.57, 13.61, 2.43, 33.05, 100, 29.4, '2025-11-25 11:33:02'),
(63, 5.39, 0.78, 4.2, 13.6, 2.32, 31.6, 100, 29.4, '2025-11-25 11:33:04'),
(64, 5.44, 0.57, 3.12, 13.6, 2.23, 30.36, 100, 29.5, '2025-11-25 11:33:06'),
(65, 5.41, 0.82, 4.42, 13.58, 2.28, 30.93, 100, 29.5, '2025-11-25 11:33:08'),
(66, 5.44, 0.7, 3.82, 13.65, 2.28, 31.09, 100, 29.5, '2025-11-25 11:33:10'),
(67, 5.44, 0.76, 4.12, 13.6, 2.2, 29.95, 100, 29.5, '2025-11-25 11:33:12'),
(68, 5.43, 0.76, 4.14, 13.58, 1.91, 25.99, 100, 29.5, '2025-11-25 11:33:15'),
(69, 5.48, 0.7, 3.82, 13.6, 2.08, 28.3, 100, 29.5, '2025-11-25 11:33:17'),
(70, 5.49, 0.72, 3.98, 13.59, 2.38, 32.41, 100, 29.5, '2025-11-25 11:33:19'),
(71, 12.18, 0.64, 7.77, 0.93, 1.88, 1.76, 100, 29.5, '2025-11-25 11:33:21'),
(72, 5.42, 0.77, 4.16, 0.92, 2.29, 2.1, 100, 29.5, '2025-11-25 11:33:23'),
(73, 5.47, 0.86, 4.7, 0.93, 2.46, 2.3, 100, 29.5, '2025-11-25 11:33:25'),
(74, 5.4, 0.75, 4.03, 0.91, 2.38, 2.16, 100, 29.5, '2025-11-25 11:33:27'),
(75, 5.45, 0.65, 3.54, 0.94, 2.17, 2.04, 100, 29.5, '2025-11-25 11:33:29'),
(76, 5.41, 0.73, 3.95, 0.91, 1.91, 1.75, 100, 29.5, '2025-11-25 11:33:31'),
(77, 12.3, 0.54, 6.58, 0.92, 2.2, 2.03, 100, 29.5, '2025-11-25 11:33:34'),
(78, 5.49, 0.74, 4.04, 0.93, 2.52, 2.34, 100, 29.5, '2025-11-25 11:33:36'),
(79, 5.34, 0.69, 3.67, 0.86, 2.49, 2.14, 100, 29.5, '2025-11-25 11:33:38'),
(80, 5.52, 0.74, 4.06, 0.93, 2.46, 2.29, 100, 29.5, '2025-11-25 11:33:40'),
(81, 5.55, 0.73, 4.05, 0.93, 2.19, 2.04, 100, 29.5, '2025-11-25 11:33:42'),
(82, 5.45, 0.75, 4.07, 0.92, 2.46, 2.26, 100, 29.5, '2025-11-25 11:33:44'),
(83, 5.5, 0.77, 4.22, 0.94, 2.29, 2.16, 100, 29.6, '2025-11-25 11:33:46'),
(84, 5.55, 0.81, 4.47, 0.93, 2.23, 2.09, 100, 29.5, '2025-11-25 11:33:48'),
(85, 12.34, 0.77, 9.54, 0.96, 2.37, 2.28, 99, 29.5, '2025-11-25 11:33:51'),
(86, 5.43, 0.79, 4.31, 0.94, 2.28, 2.14, 99, 29.6, '2025-11-25 11:33:53'),
(87, 5.52, 0.75, 4.15, 0.95, 2.47, 2.34, 99, 29.6, '2025-11-25 11:33:55'),
(88, 5.41, 0.79, 4.27, 0.94, 2.28, 2.14, 99, 29.6, '2025-11-25 11:33:57'),
(89, 5.53, 0.77, 4.25, 0.89, 2.13, 1.89, 99, 29.6, '2025-11-25 11:33:59'),
(90, 5.51, 0.81, 4.44, 0.94, 2.29, 2.16, 99, 29.6, '2025-11-25 11:34:01'),
(91, 5.49, 0.69, 3.8, 0.9, 1.75, 1.57, 99, 29.6, '2025-11-25 11:34:03'),
(92, 5.51, 0.81, 4.44, 0.97, 2.28, 2.22, 99, 29.6, '2025-11-25 11:34:05'),
(93, 5.52, 0.75, 4.12, 0.95, 2.44, 2.31, 99, 29.6, '2025-11-25 11:34:08'),
(94, 5.45, 0.84, 4.57, 0.95, 2.38, 2.27, 99, 29.6, '2025-11-25 11:34:10'),
(95, 5.49, 0.82, 4.48, 0.97, 2.54, 2.46, 99, 29.6, '2025-11-25 11:34:12'),
(96, 5.43, 0.69, 3.73, 0.97, 2.22, 2.15, 99, 29.6, '2025-11-25 11:34:14'),
(97, 5.34, 0.75, 3.99, 0.96, 2.38, 2.3, 99, 29.6, '2025-11-25 11:34:16'),
(98, 5.49, 0.81, 4.45, 0.96, 2.52, 2.43, 99, 29.6, '2025-11-25 11:34:18'),
(99, 5.54, 0.83, 4.61, 0.88, 2.47, 2.19, 99, 29.6, '2025-11-25 11:34:20'),
(100, 12.28, 0.76, 9.29, 0.96, 2.41, 2.33, 99, 29.6, '2025-11-25 11:34:22'),
(101, 5.45, 0.75, 4.07, 0.96, 2.14, 2.05, 99, 29.6, '2025-11-25 11:34:25'),
(102, 5.44, 0.79, 4.29, 0.96, 2.34, 2.25, 99, 29.7, '2025-11-25 11:34:27'),
(103, 5.5, 0.75, 4.1, 0.96, 2.08, 2, 99, 29.6, '2025-11-25 11:34:29'),
(104, 5.51, 0.72, 3.99, 0.85, 2.28, 1.95, 99, 29.7, '2025-11-25 11:34:31'),
(105, 5.49, 0.84, 4.63, 0.97, 2.23, 2.16, 99, 29.7, '2025-11-25 11:34:33'),
(106, 5.47, 0.75, 4.11, 0.96, 2.4, 2.31, 99, 29.7, '2025-11-25 11:34:35'),
(107, 5.43, 0.82, 4.43, 0.96, 2.44, 2.34, 99, 29.7, '2025-11-25 11:34:37'),
(108, 5.44, 0.84, 4.59, 0.97, 2.55, 2.49, 99, 29.7, '2025-11-25 11:34:39'),
(109, 5.51, 0.92, 5.06, 0.96, 2.07, 1.99, 99, 29.7, '2025-11-25 11:34:42'),
(110, 5.4, 0.74, 4, 0.99, 2.7, 2.66, 99, 29.7, '2025-11-25 11:34:44'),
(111, 5.47, 0.78, 4.29, 0.96, 2.44, 2.35, 99, 29.7, '2025-11-25 11:34:46'),
(112, 5.45, 0.83, 4.54, 0.98, 2.54, 2.49, 99, 29.7, '2025-11-25 11:34:48'),
(113, 5.45, 0.77, 4.19, 0.96, 2.38, 2.3, 99, 29.7, '2025-11-25 11:34:50'),
(114, 5.52, 0.76, 4.21, 0.99, 2.47, 2.44, 99, 29.7, '2025-11-25 11:34:52'),
(115, 5.5, 0.71, 3.92, 0.96, 2.47, 2.37, 99, 29.7, '2025-11-25 11:34:54'),
(116, 5.49, 0.7, 3.86, 0.96, 2.41, 2.33, 99, 29.7, '2025-11-25 11:34:56'),
(117, 5.41, 0.67, 3.63, 0.96, 1.99, 1.92, 99, 29.7, '2025-11-25 11:34:59'),
(118, 5.37, 0.75, 4.01, 0.98, 2.46, 2.41, 99, 29.7, '2025-11-25 11:35:01'),
(119, 5.52, 0.82, 4.54, 0.89, 2.19, 1.96, 99, 29.7, '2025-11-25 11:35:03'),
(120, 5.49, 0.84, 4.63, 1.01, 2.52, 2.54, 99, 29.7, '2025-11-25 11:35:05'),
(121, 5.45, 0.72, 3.95, 0.96, 2.47, 2.38, 99, 29.7, '2025-11-25 11:35:07'),
(122, 5.44, 0.77, 4.21, 0.99, 2.73, 2.71, 99, 29.7, '2025-11-25 11:35:09'),
(123, 5.55, 0.85, 4.74, 0.99, 2.55, 2.52, 99, 29.7, '2025-11-25 11:35:11'),
(124, 5.52, 0.79, 4.36, 0.97, 2.75, 2.66, 99, 29.7, '2025-11-25 11:35:13'),
(125, 5.45, 0.83, 4.51, 0.99, 2.07, 2.04, 99, 29.7, '2025-11-25 11:35:16'),
(126, 5.48, 0.83, 4.56, 1, 2.58, 2.57, 99, 29.7, '2025-11-25 11:35:18'),
(127, 5.44, 0.86, 4.71, 1, 2.52, 2.51, 99, 29.7, '2025-11-25 11:35:20'),
(128, 5.47, 0.77, 4.2, 0.99, 2.47, 2.44, 99, 29.6, '2025-11-25 11:35:22'),
(129, 5.5, 0.81, 4.46, 1, 2.13, 2.12, 99, 29.7, '2025-11-25 11:35:24'),
(130, 5.43, 0.79, 4.28, 1.01, 2.52, 2.54, 99, 29.7, '2025-11-25 11:35:26'),
(131, 5.43, 0.75, 4.05, 0.93, 2.78, 2.6, 99, 29.7, '2025-11-25 11:35:28'),
(132, 5.48, 0.8, 4.38, 1, 2.47, 2.48, 99, 29.7, '2025-11-25 11:35:30'),
(133, 5.49, 0.86, 4.75, 1.01, 2.69, 2.71, 99, 29.7, '2025-11-25 11:35:33'),
(134, 5.37, 0.79, 4.24, 0.96, 2.6, 2.5, 98, 29.7, '2025-11-25 11:35:35'),
(135, 5.5, 0.86, 4.76, 1.03, 2.54, 2.6, 98, 29.7, '2025-11-25 11:35:37'),
(136, 5.42, 0.75, 4.04, 1, 2.46, 2.47, 98, 29.7, '2025-11-25 11:35:39'),
(137, 5.43, 0.77, 4.17, 0.96, 2.08, 2, 98, 29.7, '2025-11-25 11:35:41'),
(138, 5.47, 0.71, 3.9, 1.01, 2.87, 2.91, 98, 29.7, '2025-11-25 11:35:43'),
(139, 5.27, 0.8, 4.21, 0.95, 2.28, 2.17, 98, 29.7, '2025-11-25 11:35:45'),
(140, 8.07, 0.82, 6.59, 1.01, 2.7, 2.73, 98, 29.7, '2025-11-25 11:35:48'),
(141, 5.43, 0.86, 4.67, 1.03, 2.19, 2.26, 98, 29.7, '2025-11-25 11:35:50'),
(142, 5.41, 0.75, 4.04, 1.02, 2.61, 2.66, 98, 29.7, '2025-11-25 11:35:52'),
(143, 5.51, 0.83, 4.59, 1.02, 2.75, 2.8, 98, 29.7, '2025-11-25 11:35:54'),
(144, 12.37, 0.9, 11.1, 13.66, 2.38, 32.57, 98, 29.7, '2025-11-25 11:35:56'),
(145, 5.44, 0.85, 4.65, 13.69, 2.6, 35.54, 98, 29.7, '2025-11-25 11:35:58'),
(146, 5.53, 0.8, 4.42, 13.72, 2.66, 36.45, 98, 29.7, '2025-11-25 11:36:00'),
(147, 5.49, 0.77, 4.24, 13.71, 2.47, 33.92, 98, 29.7, '2025-11-25 11:36:02'),
(148, 5.47, 0.83, 4.55, 13.67, 2.57, 35.07, 98, 29.7, '2025-11-25 11:36:05'),
(149, 5.44, 0.82, 4.44, 13.74, 2.87, 39.41, 98, 29.7, '2025-11-25 11:36:07'),
(150, 5.51, 0.82, 4.52, 13.69, 2.52, 34.49, 98, 29.7, '2025-11-25 11:36:09'),
(151, 5.51, 0.75, 4.11, 13.71, 2.69, 36.85, 98, 29.7, '2025-11-25 11:36:11'),
(152, 5.53, 0.79, 4.36, 13.69, 2.75, 37.62, 98, 29.7, '2025-11-25 11:36:13'),
(153, 5.57, 0.8, 4.46, 13.7, 2.19, 29.95, 98, 29.7, '2025-11-25 11:36:15'),
(154, 5.61, 0.86, 4.82, 13.71, 2.47, 33.92, 98, 29.7, '2025-11-25 11:36:17'),
(155, 5.55, 0.75, 4.14, 13.67, 2.54, 34.67, 98, 29.7, '2025-11-25 11:36:19'),
(156, 1.45, 0.75, 1.09, 13.67, 2.57, 35.07, 98, 29.7, '2025-11-25 11:36:21'),
(157, 5.51, 0.96, 5.28, 13.71, 2.66, 36.42, 98, 29.7, '2025-11-25 11:36:24'),
(158, 5.74, 0.98, 5.62, 13.84, 3.07, 42.43, 98, 29.7, '2025-11-25 11:36:26'),
(159, 5.7, 1, 5.7, 13.82, 2.49, 34.4, 98, 29.7, '2025-11-25 11:36:28'),
(160, 5.75, 0.94, 5.38, 13.82, 3.01, 41.54, 98, 29.7, '2025-11-25 11:36:30'),
(161, 5.7, 0.97, 5.55, 13.84, 2.84, 39.28, 98, 29.7, '2025-11-25 11:36:32'),
(162, 5.66, 0.95, 5.36, 13.81, 2.79, 38.56, 98, 29.7, '2025-11-25 11:36:34'),
(163, 5.49, 0.98, 5.37, 13.71, 3.02, 41.42, 98, 29.7, '2025-11-25 11:36:36'),
(164, 5.73, 0.92, 5.29, 13.82, 2.88, 39.84, 98, 29.7, '2025-11-25 11:36:39'),
(165, 5.65, 0.88, 4.95, 13.82, 2.75, 37.96, 98, 29.7, '2025-11-25 11:36:41'),
(166, 5.76, 0.92, 5.33, 13.76, 2.7, 37.18, 98, 29.7, '2025-11-25 11:36:43'),
(167, 5.73, 0.89, 5.11, 13.82, 2.87, 39.64, 98, 29.7, '2025-11-25 11:36:45'),
(168, 5.63, 0.96, 5.39, 13.71, 2.73, 37.47, 98, 29.7, '2025-11-25 11:36:47'),
(169, 5.73, 0.9, 5.18, 13.71, 2.9, 39.76, 98, 29.7, '2025-11-25 11:36:49'),
(170, 5.58, 0.95, 5.28, 13.78, 2.73, 37.66, 98, 29.7, '2025-11-25 11:36:51'),
(171, 5.7, 0.9, 5.12, 13.77, 2.67, 36.78, 98, 29.7, '2025-11-25 11:36:53'),
(172, 5.65, 0.85, 4.82, 13.77, 2.37, 32.62, 98, 29.7, '2025-11-25 11:36:55'),
(173, 5.69, 0.92, 5.23, 13.79, 2.6, 35.81, 98, 29.7, '2025-11-25 11:36:57'),
(174, 5.64, 0.94, 5.27, 13.79, 2.75, 37.9, 98, 29.7, '2025-11-25 11:37:00'),
(175, 5.49, 0.99, 5.43, 13.77, 3.07, 42.2, 98, 29.7, '2025-11-25 11:37:02'),
(176, 5.51, 0.91, 5.01, 13.81, 2.81, 38.77, 98, 29.7, '2025-11-25 11:37:04'),
(177, 5.48, 0.96, 5.27, 13.82, 2.26, 31.26, 98, 29.7, '2025-11-25 11:37:06'),
(178, 5.55, 0.78, 4.35, 13.77, 2.63, 36.17, 98, 29.7, '2025-11-25 11:37:08'),
(179, 5.57, 0.88, 4.88, 13.82, 2.51, 34.61, 97, 29.7, '2025-11-25 11:37:10'),
(180, 5.55, 0.95, 5.25, 13.81, 2.76, 38.15, 97, 29.7, '2025-11-25 11:37:12'),
(181, 5.52, 0.89, 4.9, 13.81, 2.94, 40.65, 97, 29.7, '2025-11-25 11:37:15'),
(182, 5.6, 0.98, 5.51, 13.81, 2.87, 39.62, 97, 29.7, '2025-11-25 11:37:17'),
(183, 5.56, 0.97, 5.38, 13.83, 2.75, 37.99, 97, 29.7, '2025-11-25 11:37:19'),
(184, 5.57, 0.96, 5.33, 13.78, 2.78, 38.28, 97, 29.7, '2025-11-25 11:37:21'),
(185, 5.48, 0.86, 4.71, 13.75, 2.88, 39.66, 97, 29.7, '2025-11-25 11:37:23'),
(186, 5.6, 0.88, 4.9, 13.79, 2.94, 40.6, 97, 29.7, '2025-11-25 11:37:25'),
(187, 5.6, 0.98, 5.48, 13.75, 2.84, 39.02, 97, 29.7, '2025-11-25 11:37:27'),
(188, 5.54, 0.91, 5.06, 13.73, 2.81, 38.56, 97, 29.7, '2025-11-25 11:37:30'),
(189, 5.55, 0.82, 4.53, 13.79, 2.47, 34.12, 97, 29.7, '2025-11-25 11:37:32'),
(190, 5.62, 0.89, 4.99, 13.82, 2.75, 37.96, 97, 29.7, '2025-11-25 11:37:34'),
(191, 5.43, 0.91, 4.93, 13.74, 2.96, 40.67, 97, 29.7, '2025-11-25 11:37:36'),
(192, 5.56, 0.91, 5.08, 13.77, 2.84, 39.07, 97, 29.7, '2025-11-25 11:37:38'),
(193, 5.5, 0.97, 5.32, 13.79, 2.75, 37.88, 97, 29.7, '2025-11-25 11:37:40'),
(194, 5.58, 0.93, 5.19, 13.78, 3.02, 41.63, 97, 29.7, '2025-11-25 11:37:42'),
(195, 5.55, 0.95, 5.25, 13.79, 2.84, 39.15, 97, 29.7, '2025-11-25 11:37:44'),
(196, 5.64, 0.94, 5.3, 13.82, 2.78, 38.38, 97, 29.8, '2025-11-25 11:37:46'),
(197, 5.53, 0.76, 4.19, 13.81, 2.87, 39.6, 97, 29.8, '2025-11-25 11:37:49'),
(198, 5.47, 0.94, 5.11, 13.82, 2.78, 38.38, 97, 29.8, '2025-11-25 11:37:51'),
(199, 5.53, 0.78, 4.3, 13.72, 2.81, 38.53, 97, 29.8, '2025-11-25 11:37:53'),
(200, 5.62, 0.96, 5.4, 13.78, 3.04, 41.83, 97, 29.8, '2025-11-25 11:37:55'),
(201, 5.51, 0.98, 5.4, 13.71, 2.32, 31.86, 97, 29.8, '2025-11-25 11:37:57'),
(202, 5.56, 0.75, 4.15, 13.82, 2.76, 38.19, 97, 29.8, '2025-11-25 11:37:59'),
(203, 5.54, 0.81, 4.49, 13.81, 2.9, 40.04, 97, 29.8, '2025-11-25 11:38:01'),
(204, 5.58, 0.98, 5.46, 13.82, 3.02, 41.73, 97, 29.8, '2025-11-25 11:38:03'),
(205, 5.52, 0.92, 5.08, 13.77, 2.82, 38.86, 97, 29.8, '2025-11-25 11:38:06'),
(206, 5.48, 0.91, 5, 13.81, 2.9, 40.02, 97, 29.8, '2025-11-25 11:38:08'),
(207, 5.59, 0.86, 4.84, 13.8, 2.76, 38.12, 97, 29.8, '2025-11-25 11:38:10'),
(208, 5.61, 0.92, 5.15, 13.84, 2.43, 33.62, 97, 29.8, '2025-11-25 11:38:12'),
(209, 5.63, 1.01, 5.69, 13.81, 3.08, 42.53, 97, 29.8, '2025-11-25 11:38:14'),
(210, 5.55, 0.76, 4.2, 13.81, 3.11, 42.97, 97, 29.8, '2025-11-25 11:38:16'),
(211, 5.61, 0.9, 5.06, 13.74, 3.07, 42.13, 97, 29.8, '2025-11-25 11:38:19'),
(212, 5.65, 0.77, 4.34, 13.82, 2.87, 39.64, 97, 29.8, '2025-11-25 11:38:20'),
(213, 5.65, 0.89, 5.01, 13.79, 2.81, 38.73, 97, 29.8, '2025-11-25 11:38:23'),
(214, 5.56, 0.98, 5.47, 13.81, 2.81, 38.78, 97, 29.8, '2025-11-25 11:38:25'),
(215, 5.51, 0.93, 5.12, 13.78, 2.75, 37.87, 97, 29.8, '2025-11-25 11:38:27'),
(216, 5.37, 0.92, 4.93, 13.81, 2.76, 38.15, 97, 29.8, '2025-11-25 11:38:29'),
(217, 5.62, 0.93, 5.22, 13.81, 2.94, 40.67, 97, 29.8, '2025-11-25 11:38:31'),
(218, 5.52, 0.89, 4.9, 13.77, 2.69, 37, 97, 29.8, '2025-11-25 11:38:33'),
(219, 5.58, 0.77, 4.31, 13.72, 3.05, 41.85, 97, 29.8, '2025-11-25 11:38:35'),
(220, 5.49, 0.98, 5.37, 13.79, 2.82, 38.94, 97, 29.8, '2025-11-25 11:38:37'),
(221, 5.4, 0.84, 4.55, 13.79, 3.08, 42.48, 96, 29.8, '2025-11-25 11:38:40'),
(222, 5.51, 0.9, 4.95, 13.79, 2.78, 38.3, 96, 29.8, '2025-11-25 11:38:42'),
(223, 5.43, 0.81, 4.4, 13.8, 2.79, 38.54, 96, 29.8, '2025-11-25 11:38:44'),
(224, 5.51, 0.87, 4.79, 13.79, 2.79, 38.52, 96, 29.8, '2025-11-25 11:38:46'),
(225, 5.5, 0.9, 4.93, 13.82, 2.64, 36.5, 96, 29.8, '2025-11-25 11:38:48'),
(226, 5.53, 0.96, 5.29, 13.79, 2.75, 37.9, 96, 29.8, '2025-11-25 11:38:50'),
(227, 5.34, 0.83, 4.45, 13.81, 2.75, 37.93, 96, 29.8, '2025-11-25 11:38:52'),
(228, 5.23, 0.88, 4.58, 13.8, 2.84, 39.17, 96, 29.8, '2025-11-25 11:38:54'),
(229, 5.22, 0.96, 4.99, 13.77, 2.76, 38.03, 96, 29.8, '2025-11-25 11:38:57'),
(230, 5.11, 0.93, 4.75, 13.79, 2.67, 36.85, 96, 29.8, '2025-11-25 11:38:59'),
(231, 5.31, 0.92, 4.91, 13.79, 2.85, 39.36, 96, 29.8, '2025-11-25 11:39:01'),
(232, 5.31, 0.92, 4.88, 13.79, 2.9, 39.97, 96, 29.8, '2025-11-25 11:39:03'),
(233, 5.27, 0.9, 4.75, 13.81, 2.87, 39.6, 96, 29.8, '2025-11-25 11:39:05'),
(234, 5.23, 0.83, 4.35, 13.81, 3.02, 41.69, 96, 29.8, '2025-11-25 11:39:07'),
(235, 5.25, 0.89, 4.65, 13.79, 3.02, 41.64, 96, 29.8, '2025-11-25 11:39:09'),
(236, 5.25, 1.01, 5.28, 13.79, 2.79, 38.52, 96, 29.8, '2025-11-25 11:39:12'),
(237, 5.23, 1.03, 5.38, 13.82, 2.81, 38.8, 96, 29.8, '2025-11-25 11:39:14'),
(238, 5.23, 0.86, 4.52, 13.79, 2.97, 41.03, 96, 29.8, '2025-11-25 11:39:16'),
(239, 5.13, 0.98, 5.02, 13.84, 2.67, 36.97, 96, 29.8, '2025-11-25 11:39:18'),
(240, 5.2, 0.97, 5.06, 13.79, 3.13, 43.12, 96, 29.8, '2025-11-25 11:39:20'),
(241, 5.23, 0.81, 4.22, 13.8, 3.13, 43.14, 96, 29.8, '2025-11-25 11:39:22'),
(242, 5.12, 0.89, 4.54, 13.76, 2.9, 39.89, 96, 29.8, '2025-11-25 11:39:24'),
(243, 5.16, 0.96, 4.94, 13.71, 2.9, 39.74, 96, 29.8, '2025-11-25 11:39:26'),
(244, 5.23, 0.91, 4.75, 13.65, 2.31, 31.49, 96, 29.8, '2025-11-25 11:39:29'),
(245, 5.03, 0.91, 4.57, 13.8, 2.75, 37.91, 96, 29.8, '2025-11-25 11:39:31'),
(246, 5.3, 0.92, 4.87, 13.77, 2.47, 34.08, 96, 29.8, '2025-11-25 11:39:33'),
(247, 4.86, 0.74, 3.6, 13.63, 2.17, 29.61, 96, 29.8, '2025-11-25 11:39:37'),
(248, 4.84, 0.69, 3.33, 13.45, 1.54, 20.64, 96, 29.8, '2025-11-25 11:39:40'),
(249, 4.06, 0.08, 0.33, 12.88, 0.18, 2.28, 96, 29.8, '2025-11-25 11:39:43'),
(250, 4, 0.08, 0.32, 12.93, 0.33, 4.24, 96, 29.8, '2025-11-25 11:39:47'),
(251, 3.95, 0.14, 0.53, 12.9, 0.31, 4.04, 96, 29.9, '2025-11-25 11:39:49'),
(252, 4.02, 0.15, 0.59, 12.9, 0.33, 4.24, 96, 29.8, '2025-11-25 11:39:51'),
(253, 3.52, 0.03, 0.11, 12.91, 0.31, 4.04, 96, 29.8, '2025-11-25 11:39:53'),
(254, 3.42, 0.15, 0.5, 12.9, 0.48, 6.19, 96, 29.9, '2025-11-25 11:39:55'),
(255, 3.97, 0.16, 0.62, 12.9, 0.21, 2.67, 96, 29.8, '2025-11-25 11:39:57'),
(256, 4, 0.04, 0.15, 12.93, 0.34, 4.44, 96, 29.8, '2025-11-25 11:40:00'),
(257, 4.01, 0.13, 0.52, 12.93, 0.59, 7.57, 96, 29.9, '2025-11-25 11:40:02'),
(258, 3.94, 0.1, 0.38, 12.93, 0.53, 6.79, 96, 29.8, '2025-11-25 11:40:04'),
(259, 4.02, 0.1, 0.41, 12.92, 0.15, 1.89, 96, 29.8, '2025-11-25 11:40:06'),
(260, 4.02, 0.05, 0.2, 12.91, 0.36, 4.63, 96, 29.8, '2025-11-25 11:40:08'),
(261, 3.99, 0.19, 0.75, 12.9, 0.27, 3.45, 96, 29.8, '2025-11-25 11:40:10'),
(262, 3.92, 0.19, 0.74, 12.89, 0.48, 6.19, 96, 29.8, '2025-11-25 11:40:12'),
(263, 3.91, 0.02, 0.08, 12.9, 0.33, 4.24, 96, 29.8, '2025-11-25 11:40:14'),
(264, 3.94, 0.12, 0.47, 12.89, 0.48, 6.18, 96, 29.8, '2025-11-25 11:40:17'),
(265, 3.92, 0.09, 0.34, 12.92, 0.33, 4.24, 96, 29.8, '2025-11-25 11:40:19'),
(266, 3.92, 0.11, 0.45, 12.91, 0.34, 4.43, 96, 29.8, '2025-11-25 11:40:21'),
(267, 3.83, 0.12, 0.46, 12.86, 0.4, 5.2, 96, 29.8, '2025-11-25 11:40:23'),
(268, 3.88, 0.04, 0.15, 12.88, 0.31, 4.03, 96, 29.8, '2025-11-25 11:40:25'),
(269, 3.95, 0.02, 0.09, 12.93, 0.28, 3.66, 96, 29.8, '2025-11-25 11:40:27'),
(270, 4, 0.15, 0.58, 12.91, 0.31, 4.04, 96, 29.8, '2025-11-25 11:40:29'),
(271, 4.02, 0.21, 0.83, 12.93, 0.27, 3.46, 96, 29.8, '2025-11-25 11:40:32'),
(272, 3.96, 0.01, 0.02, 12.92, 0.3, 3.85, 96, 29.8, '2025-11-25 11:40:34'),
(273, 3.93, 0.09, 0.34, 12.86, 0.54, 6.95, 96, 29.8, '2025-11-25 11:40:36'),
(274, 3.92, 0.11, 0.42, 12.86, 0.15, 1.88, 96, 29.8, '2025-11-25 11:40:38'),
(275, 3.88, 0.09, 0.36, 12.84, 0.75, 9.66, 96, 29.8, '2025-11-25 11:40:40'),
(276, 3.85, 0.1, 0.37, 12.86, 3.73, 47.99, 96, -127, '2025-11-25 11:40:42'),
(277, 3.9, 0.05, 0.19, 12.84, 3.05, 39.17, 96, -127, '2025-11-25 11:40:44'),
(278, 3.82, 0.04, 0.17, 12.84, 0.06, 0.71, 96, -127, '2025-11-25 11:40:48'),
(279, 3.85, 0.01, 0.02, 12.8, 1.78, 22.76, 96, -127, '2025-11-25 11:40:51'),
(280, 3.86, 0.03, 0.13, 12.84, 1.78, 22.83, 96, -127, '2025-11-25 11:40:53'),
(281, 3.87, 0.13, 0.5, 12.84, 1.1, 14.07, 96, -127, '2025-11-25 11:40:55'),
(282, 3.88, 0.04, 0.17, 12.85, 1.13, 14.48, 96, -127, '2025-11-25 11:40:57'),
(283, 1.11, 1.6, 1.77, 0.81, 4.3, 3.48, 0, 27.8, '2025-11-26 00:11:36'),
(284, 1.11, 1.49, 1.65, 0.81, 4.24, 3.43, 0, 27.8, '2025-11-26 00:11:38'),
(285, 1.11, 1.57, 1.74, 0.81, 4.44, 3.59, 0, 27.8, '2025-11-26 00:11:40'),
(286, 1.11, 1.38, 1.53, 0.81, 3.94, 3.19, 0, 27.8, '2025-11-26 00:11:42'),
(287, 1.11, 1.46, 1.62, 0.81, 4.78, 3.87, 0, 27.8, '2025-11-26 00:11:47'),
(288, 1.11, 1.34, 1.48, 0.81, 4.09, 3.31, 0, 27.8, '2025-11-26 00:11:50'),
(289, 1.11, 1.95, 2.16, 0.81, 5.2, 4.21, 0, 85, '2025-11-26 00:34:14'),
(290, 1.11, 2.04, 2.26, 0.81, 5.69, 4.6, 0, 28.2, '2025-11-26 00:34:16'),
(291, 1.11, 1.98, 2.19, 0.81, 5.7, 4.62, 0, 28.2, '2025-11-26 00:34:18'),
(292, 1.11, 2.07, 2.29, 0.81, 5.69, 4.6, 0, 28.2, '2025-11-26 00:34:21'),
(293, 1.11, 2.01, 2.23, 0.81, 5.32, 4.31, 0, 28.2, '2025-11-26 00:34:23'),
(294, 1.11, 2.1, 2.33, 0.81, 5.69, 4.6, 0, 28.2, '2025-11-26 00:34:25'),
(295, 1.11, 2.07, 2.29, 0.81, 5.32, 4.31, 0, 28.2, '2025-11-26 00:34:27'),
(296, 1.11, 2.27, 2.52, 0.81, 5.58, 4.52, 0, 28.2, '2025-11-26 00:34:30'),
(297, 1.11, 2.01, 2.22, 0.81, 5.37, 4.35, 0, 28.2, '2025-11-26 00:34:34'),
(298, 1.11, 1.65, 1.83, 0.81, 5.1, 4.13, 0, 28.2, '2025-11-26 00:34:37'),
(299, 1.11, 1.75, 1.94, 0.81, 4.76, 3.86, 0, 28.2, '2025-11-26 00:34:41'),
(300, 1.11, 1.67, 1.85, 0.81, 4.66, 3.77, 0, 28.2, '2025-11-26 00:34:45'),
(301, 1.11, 1.87, 2.07, 0.81, 4.81, 3.89, 0, 28.2, '2025-11-26 00:34:48'),
(302, 1.11, 1.77, 1.96, 0.81, 5.48, 4.43, 0, 28.2, '2025-11-26 00:34:51'),
(303, 1.11, 1.69, 1.87, 0.81, 4.49, 3.64, 0, 28.2, '2025-11-26 00:34:54'),
(304, 1.11, 1.82, 2.02, 0.81, 4.6, 3.72, 0, 28.1, '2025-11-26 00:34:58'),
(305, 1.11, 1.62, 1.79, 0.81, 4.98, 4.03, 0, 28.2, '2025-11-26 00:35:01'),
(306, 1.11, 1.85, 2.05, 0.81, 5.63, 4.55, 0, 28.2, '2025-11-26 00:35:05'),
(307, 1.11, 1.8, 2, 0.81, 4.64, 3.76, 0, 28.2, '2025-11-26 00:35:08'),
(308, 1.11, 2.04, 2.26, 0.81, 5.45, 4.41, 0, 28.2, '2025-11-26 00:35:10'),
(309, 1.11, 1.7, 1.88, 0.81, 5.25, 4.25, 0, 28.2, '2025-11-26 00:35:13'),
(310, 1.11, 1.8, 1.99, 0.81, 5.42, 4.38, 0, 28.2, '2025-11-26 00:35:14'),
(311, 1.11, 1.96, 2.17, 0.81, 5.17, 4.19, 0, 28.2, '2025-11-26 00:35:17'),
(312, 1.11, 2.01, 2.22, 0.81, 5.37, 4.35, 0, 28.2, '2025-11-26 00:35:19'),
(313, 1.11, 1.89, 2.1, 12.85, 5.13, 65.88, 100, 28.2, '2025-11-26 00:35:21'),
(314, 1.11, 0.13, 0.15, 12.8, 0.48, 6.13, 100, 28.2, '2025-11-26 00:35:23'),
(315, 1.11, 0.31, 0.35, 12.79, 1.07, 13.68, 100, 28.2, '2025-11-26 00:35:27'),
(316, 1.11, 0.18, 0.2, 12.79, 0.57, 7.29, 100, 28.2, '2025-11-26 00:35:30'),
(317, 1.11, 0.27, 0.3, 12.78, 0.84, 10.76, 100, 28.2, '2025-11-26 00:35:32'),
(318, 1.11, 0.19, 0.21, 12.79, 0.84, 10.77, 100, 28.2, '2025-11-26 00:35:34'),
(319, 1.11, 0.29, 0.32, 12.79, 0.78, 9.99, 100, 28.2, '2025-11-26 00:35:37'),
(320, 1.11, 0.19, 0.21, 12.79, 0.49, 6.31, 100, 28.2, '2025-11-26 00:35:39'),
(321, 1.11, 0.29, 0.32, 12.79, 0.8, 10.19, 100, 28.2, '2025-11-26 00:35:41'),
(322, 1.11, 0.27, 0.3, 12.79, 0.66, 8.44, 100, 28.2, '2025-11-26 00:35:43'),
(323, 1.11, 0.4, 0.45, 12.79, 0.71, 9.03, 100, 28.2, '2025-11-26 00:35:45'),
(324, 1.11, 0.11, 0.12, 12.79, 0.66, 8.44, 100, 28.2, '2025-11-26 00:35:47'),
(325, 1.11, 0.29, 0.32, 12.79, 0.57, 7.29, 100, 28.2, '2025-11-26 00:35:49'),
(326, 1.11, 0.2, 0.23, 12.79, 0.75, 9.61, 100, 28.2, '2025-11-26 00:35:51'),
(327, 1.11, 0.18, 0.2, 12.79, 0.83, 10.58, 100, 28.2, '2025-11-26 00:35:54'),
(328, 1.11, 0.21, 0.24, 12.79, 0.8, 10.19, 100, 28.2, '2025-11-26 00:35:56'),
(329, 1.11, 0.3, 0.33, 12.8, 0.62, 7.87, 100, 28.2, '2025-11-26 00:35:58'),
(330, 1.11, 0.15, 0.17, 12.79, 0.63, 8.06, 100, 28.2, '2025-11-26 00:36:00'),
(331, 1.11, 0.29, 0.32, 12.79, 0.63, 8.06, 100, 28.2, '2025-11-26 00:36:02'),
(332, 1.11, 0.16, 0.17, 12.79, 0.62, 7.87, 100, 28.2, '2025-11-26 00:36:04'),
(333, 1.11, 0.17, 0.19, 12.79, 0.46, 5.93, 100, 28.2, '2025-11-26 00:36:06'),
(334, 1.11, 0.25, 0.28, 12.79, 0.6, 7.67, 100, 28.2, '2025-11-26 00:36:08'),
(335, 1.11, 0.12, 0.14, 12.79, 0.6, 7.67, 100, 28.2, '2025-11-26 00:36:12'),
(336, 1.11, 0.31, 0.35, 12.8, 0.36, 4.57, 100, 28.2, '2025-11-26 00:36:15'),
(337, 1.11, 0.33, 0.36, 12.79, 0.54, 6.9, 100, 28.2, '2025-11-26 00:36:18'),
(338, 1.11, 0.28, 0.31, 12.79, 0.69, 8.83, 100, 28.2, '2025-11-26 00:36:20'),
(339, 1.11, 1.88, 2.08, 12.85, 5.08, 65.29, 100, 28.2, '2025-11-26 00:36:22'),
(340, 1.11, 1.9, 2.1, 12.86, 5.14, 66.13, 100, 28.2, '2025-11-26 00:36:24'),
(341, 1.11, 1.83, 2.02, 12.86, 5.38, 69.25, 100, 28.2, '2025-11-26 00:36:26'),
(342, 1.11, 1.83, 2.03, 12.85, 5.04, 64.74, 100, 28.2, '2025-11-26 00:36:28'),
(343, 1.11, 1.87, 2.07, 12.84, 4.69, 60.18, 100, 28.2, '2025-11-26 00:36:30'),
(344, 1.11, 1.86, 2.06, 12.86, 4.95, 63.6, 100, 28.2, '2025-11-26 00:36:32'),
(345, 1.11, 1.87, 2.07, 12.87, 4.95, 63.65, 100, 28.2, '2025-11-26 00:36:34'),
(346, 1.11, 1.87, 2.07, 12.86, 4.52, 58.14, 100, 28.2, '2025-11-26 00:36:37'),
(347, 1.11, 1.88, 2.08, 12.85, 5.02, 64.51, 99, 28.2, '2025-11-26 00:36:39'),
(348, 1.11, 1.81, 2.01, 12.83, 5.23, 67.15, 99, 28.2, '2025-11-26 00:36:41'),
(349, 1.11, 1.67, 1.85, 12.86, 5.07, 65.18, 99, 28.2, '2025-11-26 00:36:43'),
(350, 1.11, 1.84, 2.04, 12.86, 5.17, 66.52, 99, 28.2, '2025-11-26 00:36:45'),
(351, 1.11, 1.89, 2.09, 12.86, 5.11, 65.74, 99, 28.2, '2025-11-26 00:36:47'),
(352, 1.11, 1.84, 2.04, 12.86, 5.16, 66.32, 99, 28.2, '2025-11-26 00:36:49'),
(353, 1.11, 1.62, 1.8, 12.86, 5.17, 66.52, 99, 28.2, '2025-11-26 00:36:51'),
(354, 1.11, 1.61, 1.78, 12.86, 5.31, 68.27, 99, 28.2, '2025-11-26 00:36:54'),
(355, 1.11, 1.84, 2.04, 12.86, 5.08, 65.38, 99, 28.2, '2025-11-26 00:36:56'),
(356, 1.11, 2.1, 2.32, 12.26, 6.7, 82.2, 75, 85, '2025-11-26 00:38:06'),
(357, 1.11, 2.36, 2.61, 12.16, 6.64, 80.78, 75, 28.1, '2025-11-26 00:38:08'),
(358, 1.11, 2.43, 2.69, 12.23, 6.31, 77.19, 75, 28.2, '2025-11-26 00:38:10'),
(359, 1.11, 2.54, 2.82, 12.19, 6.8, 82.82, 75, 28.1, '2025-11-26 00:38:12'),
(360, 1.11, 2.59, 2.87, 12.04, 6.8, 81.85, 75, 28.2, '2025-11-26 00:38:14'),
(361, 1.11, 2.64, 2.92, 12.18, 6.6, 80.34, 75, 28.2, '2025-11-26 00:38:16'),
(362, 1.11, 2.49, 2.75, 12.27, 6.8, 83.4, 75, 28.1, '2025-11-26 00:38:18'),
(363, 1.11, 2.32, 2.57, 12.14, 6.7, 81.36, 75, 28.2, '2025-11-26 00:38:21'),
(364, 1.11, 2.33, 2.58, 12.19, 6.52, 79.49, 75, 28.1, '2025-11-26 00:38:23'),
(365, 1.11, 2.51, 2.78, 12.24, 6.52, 79.83, 74, 28.2, '2025-11-26 00:38:25'),
(366, 1.11, 2.51, 2.78, 12.24, 6.52, 79.83, 74, 28.2, '2025-11-26 12:45:05'),
(367, 4.63, 2.29, 10.62, 12.15, 5.95, 72.31, 75, 85, '2025-11-26 12:46:18'),
(368, 4.69, 2.29, 10.72, 12.25, 6.44, 78.86, 75, 31.2, '2025-11-26 12:46:20'),
(369, 4.63, 2.24, 10.38, 12.2, 6.19, 75.54, 75, 31.2, '2025-11-26 12:46:22'),
(370, 4.57, 2.2, 10.06, 11.99, 6.25, 75, 75, 31.2, '2025-11-26 12:46:24'),
(371, 4.57, 2.31, 10.55, 12.2, 6.09, 74.28, 75, 31.1, '2025-11-26 12:46:26'),
(372, 4.63, 2.33, 10.76, 12.21, 6.33, 77.28, 75, 31.1, '2025-11-26 12:46:28'),
(373, 4.63, 2.31, 10.68, 12.16, 6.12, 74.37, 75, 31.1, '2025-11-26 12:46:30'),
(374, 4.52, 2.04, 9.25, 12.04, 6.63, 79.88, 75, 31.1, '2025-11-26 12:46:34'),
(375, 4.63, 2.11, 9.78, 12.08, 6.56, 79.19, 74, 31.1, '2025-11-26 12:46:37'),
(376, 4.63, 2.26, 10.43, 12.44, 6.21, 77.25, 74, 31.1, '2025-11-26 12:46:41'),
(377, 4.57, 2.15, 9.81, 12.2, 6.34, 77.39, 74, 31, '2025-11-26 12:46:44'),
(378, 4.63, 2.22, 10.26, 12.42, 6, 74.47, 74, 31, '2025-11-26 12:46:46'),
(379, 4.63, 2.08, 9.61, 12.45, 6.24, 77.66, 74, 31, '2025-11-26 12:46:48'),
(380, 4.61, 2.14, 9.87, 12.34, 6.54, 80.72, 74, 31, '2025-11-26 12:46:51'),
(381, 4.83, 2.52, 12.17, 12.24, 6.51, 79.72, 74, 30.9, '2025-11-26 12:46:53'),
(382, 4.59, 2.22, 10.19, 12.27, 6.44, 78.94, 74, 30.9, '2025-11-26 12:46:55'),
(383, 4.62, 2.3, 10.61, 12.4, 6.62, 82.04, 74, 30.9, '2025-11-26 12:46:57'),
(384, 4.62, 2.3, 10.61, 12.12, 6.3, 76.37, 74, 30.9, '2025-11-26 12:46:59'),
(385, 4.63, 2.48, 11.46, 12.35, 6.4, 79.08, 74, 30.9, '2025-11-26 12:47:01'),
(386, 4.63, 2.36, 10.92, 12.13, 6.45, 78.24, 74, 30.9, '2025-11-26 12:47:03'),
(387, 4.63, 2.2, 10.17, 12.4, 6.65, 82.41, 74, 30.9, '2025-11-26 12:47:06'),
(388, 4.57, 2.31, 10.58, 12.39, 6.5, 80.5, 74, 30.9, '2025-11-26 12:47:08'),
(389, 4.59, 2.36, 10.83, 12.4, 6.59, 81.7, 74, 30.9, '2025-11-26 12:47:10'),
(390, 4.6, 2.26, 10.4, 12.28, 6.33, 77.71, 74, 30.9, '2025-11-26 12:47:12'),
(391, 4.59, 2.34, 10.76, 12.43, 6.15, 76.39, 74, 30.9, '2025-11-26 12:47:14'),
(392, 4.62, 2.24, 10.34, 12.32, 6.16, 75.91, 73, 30.9, '2025-11-26 12:47:16'),
(393, 4.61, 2.31, 10.64, 12.35, 6.24, 77.06, 73, 30.8, '2025-11-26 12:47:18'),
(394, 4.62, 2.2, 10.14, 12.37, 6.53, 80.72, 73, 30.8, '2025-11-26 12:47:20'),
(395, 4.56, 2.32, 10.57, 12.35, 6.54, 80.8, 73, 30.9, '2025-11-26 12:47:22'),
(396, 4.51, 2.25, 10.14, 12.31, 6.47, 79.6, 73, 30.8, '2025-11-26 12:47:25'),
(397, 4.42, 2.31, 10.21, 12.22, 6.4, 78.27, 73, 30.8, '2025-11-26 12:47:27'),
(398, 4.74, 1.98, 9.4, 12.83, 6.18, 79.24, 100, 85, '2025-11-26 12:52:48'),
(399, 4.73, 2.09, 9.86, 12.79, 5.84, 74.7, 100, 30.2, '2025-11-26 12:52:50'),
(400, 4.72, 2.18, 10.28, 12.79, 6.59, 84.19, 100, 30.2, '2025-11-26 12:52:53'),
(401, 4.66, 2.31, 10.74, 12.71, 5.8, 73.65, 100, 30.2, '2025-11-26 12:52:55'),
(402, 4.65, 2.12, 9.85, 12.73, 6.21, 78.99, 100, 30.2, '2025-11-26 12:52:57'),
(403, 4.68, 2.12, 9.91, 12.79, 6.15, 78.57, 100, 30.2, '2025-11-26 12:52:59'),
(404, 4.66, 2.14, 9.96, 12.72, 6.19, 78.77, 100, 30.2, '2025-11-26 12:53:01'),
(405, 4.63, 2.23, 10.3, 12.72, 6.72, 85.51, 100, 30.2, '2025-11-26 12:53:04'),
(406, 4.65, 2.18, 10.15, 12.56, 6.42, 80.63, 99, 30.2, '2025-11-26 12:53:08'),
(407, 4.66, 2.28, 10.64, 12.76, 5.99, 76.46, 99, 30.2, '2025-11-26 12:53:10'),
(408, 4.61, 2.25, 10.39, 12.72, 6.59, 83.74, 99, 30.1, '2025-11-26 12:53:12'),
(409, 4.53, 2.31, 10.48, 12.71, 6.59, 83.66, 99, 30.2, '2025-11-26 12:53:14'),
(410, 4.62, 2.39, 11.03, 12.8, 6.43, 82.33, 99, 30.2, '2025-11-26 12:53:16'),
(411, 4.63, 2.5, 11.57, 12.56, 6.72, 84.44, 99, 30.2, '2025-11-26 12:53:19'),
(412, 4.59, 2.25, 10.35, 12.56, 6.42, 80.63, 99, 30.2, '2025-11-26 12:53:21'),
(413, 4.62, 2.42, 11.18, 12.56, 6.68, 83.87, 99, 30.2, '2025-11-26 12:53:23'),
(414, 4.59, 2.4, 11, 12.73, 6.69, 85.16, 99, 30.1, '2025-11-26 12:53:25'),
(415, 4.59, 2.48, 11.38, 12.66, 6.77, 85.67, 99, 30.2, '2025-11-26 12:53:27'),
(416, 4.44, 2.41, 10.7, 12.68, 6.81, 86.4, 99, 30.1, '2025-11-26 12:53:29'),
(417, 4.57, 2.26, 10.35, 12.81, 6.48, 83.02, 99, 30.2, '2025-11-26 12:53:31'),
(418, 4.79, 2.2, 10.53, 12.69, 6.52, 82.78, 99, 30.2, '2025-11-26 12:53:34'),
(419, 4.47, 2.33, 10.43, 12.56, 6.62, 83.11, 99, 30.2, '2025-11-26 12:53:36'),
(420, 5.47, 2.33, 12.76, 12.8, 6.31, 80.81, 99, 30.2, '2025-11-26 12:53:38'),
(421, 2.82, 2.3, 6.48, 12.77, 6.52, 83.3, 99, 30.2, '2025-11-26 12:53:40'),
(422, 5.87, 2.06, 12.09, 12.76, 6.59, 84.04, 99, 30.1, '2025-11-26 12:53:42'),
(423, 3.16, 2.4, 7.58, 12.56, 6.55, 82.35, 99, 30.2, '2025-11-26 12:53:44'),
(424, 3.93, 2.11, 8.31, 12.71, 6.1, 77.5, 98, 30.2, '2025-11-26 12:53:46'),
(425, 4.87, 2.32, 11.28, 12.54, 5.57, 69.85, 98, 30.2, '2025-11-26 12:53:48'),
(426, 9.61, 1.97, 18.9, 12.68, 6.21, 78.71, 98, 30.2, '2025-11-26 12:53:50'),
(427, 11.53, 1.87, 21.55, 12.79, 5.99, 76.64, 98, 30.2, '2025-11-26 12:53:52'),
(428, 11.86, 2.04, 24.17, 12.74, 6.02, 76.75, 98, 30.2, '2025-11-26 12:53:55'),
(429, 11.86, 2.44, 28.89, 12.67, 6.27, 79.41, 98, 30.2, '2025-11-26 12:53:57'),
(430, 11.86, 2.27, 26.99, 12.68, 6.21, 78.71, 98, 30.2, '2025-11-26 12:53:59'),
(431, 11.84, 2.23, 26.42, 12.72, 6.25, 79.5, 98, 30.2, '2025-11-26 12:54:01'),
(432, 11.86, 2.2, 26.09, 12.56, 6.01, 75.49, 98, 30.2, '2025-11-26 12:54:03'),
(433, 11.84, 2.26, 26.74, 12.56, 5.99, 75.3, 98, 30.2, '2025-11-26 12:54:05'),
(434, 11.85, 1.9, 22.47, 12.72, 5.8, 73.72, 98, 30.2, '2025-11-26 12:54:08'),
(435, 11.86, 2.13, 25.32, 12.66, 5.8, 73.39, 98, 30.2, '2025-11-26 12:54:10'),
(436, 11.86, 1.84, 21.78, 12.73, 5.78, 73.59, 98, 30.2, '2025-11-26 12:54:12'),
(437, 11.87, 2.11, 25.02, 12.71, 6.02, 76.54, 98, 30.2, '2025-11-26 12:54:14'),
(438, 11.82, 2.14, 25.3, 12.7, 6.1, 77.47, 98, 30.2, '2025-11-26 12:54:16'),
(439, 11.86, 2.18, 25.9, 12.56, 6.21, 77.97, 98, 30.2, '2025-11-26 12:54:18'),
(440, 11.85, 2.29, 27.08, 12.76, 5.9, 75.3, 98, 30.2, '2025-11-26 12:54:20'),
(441, 11.86, 1.92, 22.82, 12.8, 5.99, 76.7, 98, 30.2, '2025-11-26 12:54:22'),
(442, 11.86, 2.19, 25.95, 12.56, 5.84, 73.4, 98, 30.2, '2025-11-26 12:54:24'),
(443, 11.84, 2.18, 25.78, 12.68, 6.1, 77.37, 98, 30.2, '2025-11-26 12:54:27'),
(444, 11.86, 2.22, 26.35, 12.78, 6.09, 77.76, 97, 30.2, '2025-11-26 12:54:29'),
(445, 11.85, 2.06, 24.46, 12.71, 5.93, 75.39, 97, 30.2, '2025-11-26 12:54:31'),
(446, 11.96, 2.09, 25, 12.72, 5.36, 68.16, 97, 30.1, '2025-11-26 12:54:33'),
(447, 11.78, 1.9, 22.34, 12.8, 5.65, 72.24, 97, 30.1, '2025-11-26 12:54:35'),
(448, 11.81, 1.89, 22.33, 12.56, 5.95, 74.73, 97, 30.2, '2025-11-26 12:54:37'),
(449, 11.79, 2.3, 27.08, 12.71, 6.01, 76.35, 97, 30.1, '2025-11-26 12:54:39'),
(450, 11.81, 1.82, 21.5, 12.71, 5.89, 74.84, 97, 30.2, '2025-11-26 12:54:41'),
(451, 11.82, 1.95, 23, 12.67, 5.77, 73.07, 97, 30.2, '2025-11-26 12:54:44'),
(452, 11.82, 2.23, 26.32, 12.56, 5.96, 74.92, 97, 30.1, '2025-11-26 12:54:46'),
(453, 11.86, 2.13, 25.26, 12.56, 6.1, 76.64, 97, 30.1, '2025-11-26 12:54:48'),
(454, 11.86, 2.13, 25.26, 12.56, 6.1, 76.64, 97, 30.1, '2025-11-26 12:59:31'),
(455, 12.28, 2.01, 24.67, 12.87, 5.16, 66.45, 100, 85, '2025-11-26 13:01:04'),
(456, 12.27, 2.02, 24.77, 12.67, 5.5, 69.64, 100, 30.3, '2025-11-26 13:01:06'),
(457, 12.27, 2.1, 25.77, 12.71, 5.56, 70.6, 100, 30.3, '2025-11-26 13:01:08'),
(458, 12.21, 2, 24.45, 12.68, 5.56, 70.47, 100, 30.3, '2025-11-26 13:01:10'),
(459, 12.15, 1.98, 24.08, 12.83, 5.51, 70.71, 100, 30.3, '2025-11-26 13:01:12'),
(460, 12.11, 1.98, 24, 12.82, 5.54, 71.04, 100, 30.3, '2025-11-26 13:01:14'),
(461, 12.14, 2.1, 25.49, 12.9, 5.66, 73.04, 100, 30.3, '2025-11-26 13:01:17'),
(462, 12.08, 1.74, 21.06, 12.75, 5.45, 69.5, 100, 30.3, '2025-11-26 13:01:20'),
(463, 12.11, 1.78, 21.51, 12.66, 5.22, 66.12, 100, 30.3, '2025-11-26 13:01:24'),
(464, 12.05, 1.78, 21.4, 12.79, 5.33, 68.14, 99, 30.3, '2025-11-26 13:01:27'),
(465, 12.02, 1.83, 21.99, 12.79, 5.51, 70.46, 99, 30.3, '2025-11-26 13:01:30'),
(466, 12.05, 1.86, 22.44, 12.78, 4.95, 63.26, 99, 30.3, '2025-11-26 13:01:33'),
(467, 12.04, 1.85, 22.28, 12.75, 5.75, 73.36, 99, 30.3, '2025-11-26 13:01:34'),
(468, 12.04, 1.94, 23.39, 12.56, 5.63, 70.76, 99, 30.3, '2025-11-26 13:01:37'),
(469, 12.04, 1.87, 22.54, 12.79, 5.63, 72.01, 99, 30.3, '2025-11-26 13:01:39'),
(470, 11.99, 2.01, 24.14, 12.77, 5.41, 69.04, 99, 30.3, '2025-11-26 13:01:41'),
(471, 12, 1.95, 23.38, 12.68, 5.63, 71.43, 99, 30.3, '2025-11-26 13:01:43'),
(472, 12.03, 2.12, 25.52, 12.72, 5.59, 71.05, 99, 30.3, '2025-11-26 13:01:45'),
(473, 12.01, 1.92, 23.08, 12.75, 5.74, 73.14, 99, 30.2, '2025-11-26 13:01:47'),
(474, 12, 1.74, 20.91, 12.73, 5.74, 73.04, 99, 30.2, '2025-11-26 13:01:50'),
(475, 11.97, 2.16, 25.9, 12.75, 5.84, 74.52, 99, 30.2, '2025-11-26 13:01:52'),
(476, 12, 2.18, 26.1, 12.73, 5.39, 68.63, 99, 30.2, '2025-11-26 13:01:54'),
(477, 12.01, 1.8, 21.66, 12.76, 4.98, 63.57, 99, 30.2, '2025-11-26 13:01:56'),
(478, 11.75, 1.66, 19.44, 12.9, 5.14, 66.29, 100, 85, '2025-11-26 13:07:57'),
(479, 11.79, 1.7, 20.08, 12.88, 5.24, 67.54, 100, 30.2, '2025-11-26 13:08:00'),
(480, 11.78, 1.73, 20.32, 12.86, 5.2, 66.84, 100, 30.2, '2025-11-26 13:08:02'),
(481, 11.76, 1.74, 20.49, 12.94, 4.82, 62.35, 100, 30.2, '2025-11-26 13:08:04'),
(482, 11.76, 1.88, 22.08, 12.9, 4.94, 63.72, 100, 30.2, '2025-11-26 13:08:06'),
(483, 11.76, 1.78, 21, 12.86, 5.05, 64.92, 100, 30.2, '2025-11-26 13:08:08'),
(484, 11.76, 1.82, 21.44, 12.9, 4.99, 64.31, 100, 30.2, '2025-11-26 13:08:10'),
(485, 11.73, 1.73, 20.31, 12.84, 4.56, 58.55, 100, 30.2, '2025-11-26 13:08:13'),
(486, 11.86, 1.75, 20.79, 12.9, 5.33, 68.8, 100, 30.2, '2025-11-26 13:08:17'),
(487, 11.76, 1.8, 21.12, 12.93, 4.97, 64.28, 100, 30.2, '2025-11-26 13:08:19'),
(488, 11.76, 1.76, 20.74, 12.89, 4.88, 62.88, 100, 30.2, '2025-11-26 13:08:21'),
(489, 11.76, 1.96, 23.09, 12.9, 5.14, 66.26, 99, 30.2, '2025-11-26 13:08:23'),
(490, 11.77, 1.92, 22.6, 12.86, 5.32, 68.39, 99, 30.2, '2025-11-26 13:08:25'),
(491, 11.35, 1.76, 20, 12.43, 4.87, 60.57, 90, 85, '2025-11-26 13:16:21'),
(492, 11.4, 1.59, 18.19, 12.44, 4.55, 56.64, 90, 30.2, '2025-11-26 13:16:24'),
(493, 11.37, 1.84, 20.9, 12.35, 4.66, 57.56, 90, 30.1, '2025-11-26 13:16:26'),
(494, 11.36, 2.27, 25.72, 12.39, 6.22, 77.09, 90, 30.1, '2025-11-26 13:16:28'),
(495, 11.36, 2.21, 25.07, 12.44, 6.3, 78.35, 90, 30.1, '2025-11-26 13:16:30'),
(496, 11.36, 2.34, 26.58, 12.48, 6.95, 86.73, 90, 30.2, '2025-11-26 13:16:32'),
(497, 11.33, 2.48, 28.06, 12.35, 7.04, 86.91, 90, 30.1, '2025-11-26 13:16:34'),
(498, 11.34, 2.46, 27.9, 12.47, 7.13, 88.88, 90, 30.1, '2025-11-26 13:16:38'),
(499, 11.33, 2.27, 25.67, 12.37, 6.65, 82.23, 89, 30.1, '2025-11-26 13:16:41'),
(500, 11.35, 2.44, 27.73, 12.4, 5.83, 72.27, 89, 30.1, '2025-11-26 13:16:44'),
(501, 11.31, 2.51, 28.37, 12.42, 6.84, 84.98, 89, 30.1, '2025-11-26 13:16:48'),
(502, 11.34, 2.34, 26.49, 12.41, 6.93, 86.07, 89, 30.1, '2025-11-26 13:16:51'),
(503, 11.36, 2.71, 30.82, 12.4, 7.13, 88.39, 89, 30.1, '2025-11-26 13:16:54'),
(504, 11.29, 2.19, 24.73, 12.35, 6.61, 81.67, 89, 30.1, '2025-11-26 13:16:58'),
(505, 11.34, 2.34, 26.55, 12.47, 5.93, 73.99, 89, 30.1, '2025-11-26 13:17:01'),
(506, 11.29, 2.63, 29.67, 12.37, 6.69, 82.79, 89, 30.1, '2025-11-26 13:17:03'),
(507, 11.36, 2.44, 27.69, 12.45, 6.66, 82.91, 89, 30.1, '2025-11-26 13:17:05'),
(508, 11.34, 2.41, 27.34, 12.37, 6.95, 85.98, 89, 30.1, '2025-11-26 13:17:08'),
(509, 11.37, 1.94, 22.01, 12.45, 5.46, 68.01, 89, 30.1, '2025-11-26 13:17:10'),
(510, 11.38, 1.91, 21.78, 12.42, 5.51, 68.42, 89, 30.1, '2025-11-26 13:17:12'),
(511, 11.39, 1.79, 20.44, 12.45, 5.61, 69.9, 89, 30.1, '2025-11-26 13:17:14'),
(512, 11.34, 1.95, 22.07, 12.37, 5.69, 70.42, 89, 30.1, '2025-11-26 13:17:16'),
(513, 11.36, 1.83, 20.75, 12.35, 5.25, 64.83, 89, 30.1, '2025-11-26 13:17:18'),
(514, 11.42, 2.06, 23.52, 12.35, 5.46, 67.48, 89, 30.1, '2025-11-26 13:17:20'),
(515, 11.4, 2.38, 27.19, 12.42, 6.31, 78.4, 88, 30.1, '2025-11-26 13:17:22'),
(516, 11.4, 2.31, 26.32, 12.36, 6.11, 75.6, 88, 30.1, '2025-11-26 13:17:24'),
(517, 11.4, 2.35, 26.76, 12.36, 6.75, 83.43, 88, 30.1, '2025-11-26 13:17:27'),
(518, 11.26, 0.23, 2.55, 12.37, 0.32, 4.02, 88, 30.1, '2025-11-26 13:17:30'),
(519, 11.09, 0.05, 0.54, 10.98, 4.24, 46.5, 88, 30.1, '2025-11-26 13:17:34'),
(520, 11.18, 0.17, 1.88, 11.22, 4.18, 46.84, 88, 30.1, '2025-11-26 13:17:36'),
(521, 11.18, 0.37, 4.11, 11.19, 4.51, 50.45, 88, 30.1, '2025-11-26 13:17:39'),
(522, 11.18, 0.11, 1.27, 11.25, 3.46, 38.95, 88, 30.1, '2025-11-26 13:17:43'),
(523, 11.16, 0.16, 1.75, 11.14, 4.43, 49.4, 88, 30.1, '2025-11-26 13:17:45'),
(524, 11.18, 0.25, 2.78, 11.3, 3.78, 42.74, 88, 30.1, '2025-11-26 13:17:47'),
(525, 11.16, 0.16, 1.81, 11.3, 3.72, 42.06, 88, 30.1, '2025-11-26 13:17:49'),
(526, 11.15, 0.28, 3.14, 11.17, 4.15, 46.31, 88, 30, '2025-11-26 13:17:51'),
(527, 11.15, 0.23, 2.53, 11.17, 4.48, 50.03, 88, 30.1, '2025-11-26 13:17:53'),
(528, 11.18, 0.29, 3.27, 11.05, 4.27, 47.13, 88, 30.1, '2025-11-26 13:17:55'),
(529, 11.15, 0.19, 2.17, 11.1, 4.78, 53.07, 88, 30.1, '2025-11-26 13:17:58'),
(530, 11.15, 0.22, 2.41, 11.02, 4.01, 44.19, 88, 30, '2025-11-26 13:18:00'),
(531, 11.17, 0.1, 1.08, 11.1, 4.84, 53.74, 88, 30.1, '2025-11-26 13:18:02'),
(532, 11.17, 0.15, 1.63, 11.09, 4.4, 48.81, 88, 30.1, '2025-11-26 13:18:04'),
(533, 11.17, 0.11, 1.27, 11.1, 4.24, 47.01, 88, 30.1, '2025-11-26 13:18:06'),
(534, 11.19, 0.13, 1.45, 11.24, 3.81, 42.85, 88, 30.1, '2025-11-26 13:18:08'),
(535, 11.2, 0.28, 3.15, 11.14, 4.3, 47.88, 88, 30.1, '2025-11-26 13:18:10'),
(536, 10.68, 0.16, 1.68, 11.11, 4.42, 49.08, 88, 30.1, '2025-11-26 13:18:12'),
(537, 10.38, 1.51, 15.66, 12.27, 4.77, 58.49, 88, 30.1, '2025-11-26 13:18:16'),
(538, 1.54, 1.51, 2.32, 12.25, 4.66, 57.11, 88, 30.1, '2025-11-26 13:18:20'),
(539, 1.81, 1.67, 3.01, 12.34, 4.77, 58.82, 87, 30.1, '2025-11-26 13:18:22'),
(540, 1.73, 1.59, 2.76, 12.33, 4.25, 52.44, 87, 30.1, '2025-11-26 13:18:24'),
(541, 1.79, 1.51, 2.69, 12.35, 4.3, 53.07, 87, 30.1, '2025-11-26 13:18:26'),
(542, 1.75, 1.33, 2.33, 12.39, 4.11, 50.97, 87, 30.1, '2025-11-26 13:18:28'),
(543, 1.81, 1.51, 2.73, 12.39, 3.58, 44.4, 87, 30.1, '2025-11-26 13:18:30'),
(544, 1.75, 1.41, 2.48, 12.4, 3.84, 47.63, 87, 30, '2025-11-26 13:18:32'),
(545, 1.79, 1.47, 2.63, 12.27, 3.84, 47.13, 87, 30, '2025-11-26 13:18:34'),
(546, 1.81, 1.5, 2.71, 12.32, 4.3, 52.93, 87, 30, '2025-11-26 13:18:36'),
(547, 1.74, 1.24, 2.15, 12.35, 4.05, 50.06, 87, 30, '2025-11-26 13:18:39'),
(548, 1.8, 1.19, 2.14, 12.4, 3.72, 46.13, 87, 30.1, '2025-11-26 13:18:41'),
(549, 1.79, 1.48, 2.65, 12.36, 4.04, 49.91, 87, 30, '2025-11-26 13:18:43'),
(550, 1.79, 1.5, 2.7, 12.35, 4.07, 50.27, 87, 30, '2025-11-26 13:18:45'),
(551, 1.77, 1.38, 2.44, 12.41, 3.96, 49.18, 87, 30, '2025-11-26 13:18:47'),
(552, 1.79, 1.47, 2.63, 12.41, 3.92, 48.62, 87, 30, '2025-11-26 13:18:49'),
(553, 1.75, 1.51, 2.65, 12.4, 4.15, 51.41, 87, 30.1, '2025-11-26 13:18:51'),
(554, 1.38, 0.02, 0.02, 11.09, 3.4, 37.74, 87, 30, '2025-11-26 13:18:54'),
(555, 1.4, 0.2, 0.28, 11, 3.34, 36.75, 87, 30, '2025-11-26 13:18:57'),
(556, 1.41, 0.03, 0.05, 10.86, 4.19, 45.53, 87, 30, '2025-11-26 13:19:01'),
(557, 1.51, 0.02, 0.02, 11.14, 2.95, 32.85, 87, 30, '2025-11-26 13:19:03'),
(558, 1.51, 0.11, 0.17, 11.02, 3.45, 37.99, 87, 30, '2025-11-26 13:19:05'),
(559, 1.53, 0.04, 0.06, 10.93, 4.19, 45.79, 87, 30, '2025-11-26 13:19:08'),
(560, 1.51, 0.05, 0.07, 10.94, 3.21, 35.08, 87, 30, '2025-11-26 13:19:09'),
(561, 1.45, 0.02, 0.02, 10.84, 3.46, 37.53, 87, 30, '2025-11-26 13:19:11'),
(562, 1.51, 0.1, 0.15, 10.66, 4.08, 43.54, 87, 30, '2025-11-26 13:19:14'),
(563, 1.44, 0.1, 0.15, 10.75, 3.48, 37.39, 87, 30, '2025-11-26 13:19:15'),
(564, 1.47, 0.17, 0.25, 10.62, 3.46, 36.8, 87, 30, '2025-11-26 13:19:18'),
(565, 1.47, 0.05, 0.08, 10.67, 3.01, 32.11, 87, 30, '2025-11-26 13:19:20'),
(566, 1.49, 0.16, 0.23, 10.34, 4.15, 42.86, 87, 30, '2025-11-26 13:19:22'),
(567, 1.54, 0.18, 0.28, 10.36, 3.55, 36.81, 87, 30, '2025-11-26 13:19:24'),
(568, 1.41, 0.06, 0.09, 10.03, 4.55, 45.66, 86, 30, '2025-11-26 13:19:26'),
(569, 10.76, 0.1, 1.1, 10.29, 3.68, 37.82, 86, 30, '2025-11-26 13:19:28'),
(570, 11, 0.05, 0.53, 9.68, 4.39, 42.47, 86, 30, '2025-11-26 13:19:30'),
(571, 11.15, 0.1, 1.14, 9.96, 3.39, 33.75, 86, 30, '2025-11-26 13:19:33'),
(572, 11.17, 0.11, 1.2, 9.84, 3.25, 32.01, 86, 30, '2025-11-26 13:19:35'),
(573, 11.18, 0.26, 2.9, 9.84, 3.39, 33.35, 86, 30, '2025-11-26 13:19:37'),
(574, 11.15, 0.2, 2.23, 9.36, 4.45, 41.63, 86, 30, '2025-11-26 13:19:39'),
(575, 11.23, 0.17, 1.94, 9.61, 3.48, 33.43, 86, 30, '2025-11-26 13:19:41'),
(576, 12, 0.04, 0.52, 9.48, 3.25, 30.84, 86, 30, '2025-11-26 13:19:43'),
(577, 12.07, 0.04, 0.45, 9.54, 3.3, 31.46, 86, 30, '2025-11-26 13:19:45'),
(578, 11.97, 0.16, 1.87, 9.31, 3.4, 31.69, 86, 30, '2025-11-26 13:19:47'),
(579, 11.98, 0.19, 2.26, 9.33, 2.84, 26.52, 86, 30, '2025-11-26 13:19:50'),
(580, 12.36, 1.3, 16.09, 12.14, 0.06, 0.77, 50, 29.8, '2025-11-26 13:20:35'),
(581, 11.63, 1.38, 16.08, 12.22, 0.02, 0.22, 50, 29.9, '2025-11-26 13:20:37'),
(582, 12.18, 1.25, 15.2, 12.19, 0.04, 0.52, 50, 29.9, '2025-11-26 13:20:39'),
(583, 12.38, 1.34, 16.65, 12.22, 0.17, 2.07, 50, 29.9, '2025-11-26 13:20:41'),
(584, 11.15, 1.64, 18.32, 12.22, 2.08, 25.43, 75, 85, '2025-11-26 13:21:38'),
(585, 11.13, 1.49, 16.61, 12.27, 1.67, 20.51, 75, 29.9, '2025-11-26 13:21:40'),
(586, 11.13, 1.56, 17.39, 12.22, 1.79, 21.91, 75, 29.9, '2025-11-26 13:21:42'),
(587, 11.17, 1.54, 17.21, 12.27, 1.67, 20.52, 75, 29.9, '2025-11-26 13:21:44'),
(588, 11.15, 1.41, 15.73, 12.24, 1.79, 21.94, 75, 29.9, '2025-11-26 13:21:46'),
(589, 11.09, 1.43, 15.83, 12.2, 1.91, 23.35, 75, 29.9, '2025-11-26 13:21:49'),
(590, 11.08, 1.52, 16.84, 12.24, 1.58, 19.36, 75, 29.9, '2025-11-26 13:21:51'),
(591, 11.08, 1.63, 18.1, 12.13, 2.25, 27.26, 75, 29.9, '2025-11-26 13:21:53'),
(592, 11.1, 1.34, 14.88, 12.28, 1.67, 20.53, 75, 29.9, '2025-11-26 13:21:55'),
(593, 11.1, 1.45, 16.08, 12.19, 1.79, 21.86, 75, 29.9, '2025-11-26 13:21:57'),
(594, 11.08, 1.52, 16.9, 12.23, 2.08, 25.45, 75, 29.9, '2025-11-26 13:21:59'),
(595, 10.73, 0.03, 0.35, 9.38, 1.32, 12.42, 75, 29.9, '2025-11-26 13:22:03'),
(596, 10.9, 0.12, 1.3, 11.85, 2.06, 24.36, 75, 29.9, '2025-11-26 13:22:06'),
(597, 10.9, 0.11, 1.18, 12.1, 2.25, 27.26, 75, 29.9, '2025-11-26 13:22:08'),
(598, 10.76, 0.09, 0.93, 9.55, 0.75, 7.14, 75, 29.9, '2025-11-26 13:22:11'),
(599, 10.92, 0.16, 1.77, 11.77, 2.36, 27.76, 75, 29.9, '2025-11-26 13:22:13'),
(600, 10.88, 0.13, 1.41, 12, 2.39, 28.68, 75, 29.9, '2025-11-26 13:22:15'),
(601, 10.76, 0.09, 0.99, 11.47, 1.6, 18.36, 75, 29.9, '2025-11-26 13:22:17'),
(602, 10.74, 0.07, 0.76, 9.18, 1.23, 11.31, 75, 29.9, '2025-11-26 13:22:19'),
(603, 10.76, 0.25, 2.68, 11.82, 2.09, 24.66, 75, 29.9, '2025-11-26 13:22:21'),
(604, 10.76, 0.01, 0.12, 12.04, 2.37, 28.59, 75, 29.9, '2025-11-26 13:22:23'),
(605, 10.87, 2.24, 24.37, 12.11, 4.29, 51.95, 50, 29.9, '2025-11-26 13:23:08'),
(606, 10.92, 2.56, 27.97, 12.02, 4.09, 49.16, 50, 29.8, '2025-11-26 13:23:11'),
(607, 10.89, 2.23, 24.3, 12.1, 3.86, 46.74, 50, 29.9, '2025-11-26 13:23:13'),
(608, 11.08, 1.31, 14.52, 12.86, 1.15, 14.77, 100, 85, '2025-11-26 13:26:28'),
(609, 11.04, 1.19, 13.16, 12.9, 1.03, 13.26, 100, 29.8, '2025-11-26 13:26:30'),
(610, 11.06, 1.27, 14.01, 12.91, 1.35, 17.37, 100, 29.8, '2025-11-26 13:26:32'),
(611, 11.01, 1.16, 12.76, 12.82, 1.53, 19.58, 100, 29.7, '2025-11-26 13:26:34'),
(612, 11.04, 1.34, 14.77, 12.8, 1.03, 13.15, 100, 29.8, '2025-11-26 13:26:37'),
(613, 10.98, 1.25, 13.74, 12.93, 1.27, 16.42, 100, 29.8, '2025-11-26 13:26:39'),
(614, 10.94, 1.27, 13.92, 12.82, 1.27, 16.28, 100, 29.7, '2025-11-26 13:26:41'),
(615, 10.89, 1.3, 14.15, 12.84, 1.25, 16.11, 100, 29.8, '2025-11-26 13:26:44'),
(616, 10.76, 1.04, 11.19, 12.85, 1.6, 20.61, 100, 29.8, '2025-11-26 13:26:48'),
(617, 10.76, 1.06, 11.42, 12.79, 0.94, 11.97, 100, 29.8, '2025-11-26 13:26:51'),
(618, 1.11, 1.21, 1.34, 12.86, 1.47, 18.86, 100, 29.7, '2025-11-26 13:26:55'),
(619, 1.11, 1.3, 1.45, 12.8, 1.24, 15.87, 100, 29.8, '2025-11-26 13:26:58'),
(620, 1.11, 1.08, 1.19, 12.79, 0.74, 9.46, 100, 29.8, '2025-11-26 13:27:02'),
(621, 1.11, 1.26, 1.39, 12.89, 0.8, 10.31, 100, 29.8, '2025-11-26 13:27:06'),
(622, 1.11, 1.1, 1.22, 12.83, 1.59, 20.38, 100, 29.8, '2025-11-26 13:27:09'),
(623, 1.11, 1.37, 1.52, 12.81, 1.71, 21.9, 100, 29.7, '2025-11-26 13:27:13'),
(624, 1.11, 1.25, 1.39, 12.8, 1.16, 14.89, 100, 29.8, '2025-11-26 13:27:16'),
(625, 1.11, 1.34, 1.49, 12.89, 1.32, 16.96, 100, 29.7, '2025-11-26 13:27:18'),
(626, 1.11, 1.26, 1.39, 12.88, 1.25, 16.16, 100, 29.7, '2025-11-26 13:27:20'),
(627, 1.11, 1.35, 1.5, 12.85, 1.24, 15.93, 100, 29.7, '2025-11-26 13:27:22'),
(628, 1.11, 1.29, 1.43, 12.9, 1.15, 14.82, 100, 29.8, '2025-11-26 13:27:24'),
(629, 1.11, 1.16, 1.28, 12.81, 1.27, 16.27, 100, 29.7, '2025-11-26 13:27:26'),
(630, 1.11, 1.19, 1.31, 12.76, 0.33, 4.18, 100, 85, '2025-11-26 13:28:12'),
(631, 1.11, 1.03, 1.14, 12.74, 0.52, 6.68, 100, 29.7, '2025-11-26 13:28:14'),
(632, 1.11, 1.25, 1.38, 12.76, 0.19, 2.44, 100, 29.7, '2025-11-26 13:28:16'),
(633, 1.11, 1.04, 1.15, 12.76, 0.42, 5.34, 100, 29.6, '2025-11-26 13:29:01'),
(634, 1.11, 1.13, 1.25, 12.79, 0.48, 6.12, 100, 29.6, '2025-11-26 13:29:03'),
(635, 1.11, 1.17, 1.29, 12.83, 0.42, 5.37, 100, 29.7, '2025-11-26 13:29:06'),
(636, 1.35, 1.69, 2.28, 0.84, 4.52, 3.81, 0, 85, '2025-11-26 13:37:19'),
(637, 1.49, 1.42, 2.12, 0.86, 4.52, 3.89, 0, 30.1, '2025-11-26 13:37:21'),
(638, 1.51, 1.52, 2.29, 0.87, 4.56, 3.98, 0, 30.1, '2025-11-26 13:37:24'),
(639, 1.41, 1.53, 2.16, 0.87, 4.67, 4.05, 0, 30.1, '2025-11-26 13:37:26'),
(640, 1.47, 1.55, 2.29, 0.88, 4.24, 3.73, 0, 30.1, '2025-11-26 13:37:28'),
(641, 1.51, 1.54, 2.33, 0.87, 4.55, 3.97, 0, 30.1, '2025-11-26 13:37:30'),
(642, 1.51, 1.61, 2.43, 0.81, 4.58, 3.71, 0, 30.2, '2025-11-26 13:37:32'),
(643, 1.51, 1.42, 2.15, 0.88, 4.21, 3.72, 0, 30.1, '2025-11-26 13:37:36'),
(644, 1.41, 1.68, 2.38, 0.85, 4.17, 3.54, 0, 30.2, '2025-11-26 13:37:39'),
(645, 1.45, 1.69, 2.45, 0.88, 4.55, 4.02, 0, 30.2, '2025-11-26 13:37:42'),
(646, 1.41, 1.27, 1.8, 0.84, 4.65, 3.93, 0, 30.2, '2025-11-26 13:37:46'),
(647, 1.52, 1.38, 2.1, 0.89, 4.7, 4.18, 0, 30.2, '2025-11-26 13:37:49'),
(648, 1.51, 1.64, 2.48, 0.87, 4.26, 3.69, 0, 30.2, '2025-11-26 13:37:53'),
(649, 1.44, 1.52, 2.18, 0.88, 4.74, 4.19, 0, 30.2, '2025-11-26 13:37:56'),
(650, 1.52, 1.55, 2.36, 0.82, 4.37, 3.56, 0, 30.2, '2025-11-26 13:39:02'),
(651, 1.41, 1.42, 2.01, 0.84, 4.53, 3.8, 0, 30.2, '2025-11-26 13:39:04'),
(652, 1.37, 1.69, 2.33, 0.81, 4.08, 3.3, 0, 30.2, '2025-11-26 13:39:05'),
(653, 1.39, 1.65, 2.28, 0.83, 4.26, 3.55, 0, 30.2, '2025-11-26 13:39:08'),
(654, 1.44, 1.6, 2.3, 0.85, 4.55, 3.86, 0, 30.2, '2025-11-26 13:39:11'),
(655, 1.37, 1.38, 1.88, 0.86, 4.11, 3.54, 0, 30.2, '2025-11-26 13:39:14'),
(656, 1.45, 1.38, 2, 0.81, 4.52, 3.66, 0, 30.2, '2025-11-26 13:39:17'),
(657, 1.44, 1.52, 2.19, 0.87, 3.68, 3.21, 0, 30.2, '2025-11-26 13:39:21'),
(658, 1.38, 1.38, 1.91, 0.85, 3.68, 3.15, 0, 30.2, '2025-11-26 13:39:24'),
(659, 1.4, 1.53, 2.14, 0.88, 4.49, 3.96, 0, 30.2, '2025-11-26 13:39:28'),
(660, 1.49, 1.42, 2.11, 0.87, 4.41, 3.85, 0, 30.2, '2025-11-26 13:39:31'),
(661, 1.47, 1.55, 2.28, 0.83, 4.21, 3.51, 0, 30.2, '2025-11-26 13:39:33'),
(662, 1.41, 1.54, 2.17, 0.86, 4.43, 3.81, 0, 30.2, '2025-11-26 13:39:35'),
(663, 1.42, 1.46, 2.07, 0.84, 4.37, 3.66, 0, 30.2, '2025-11-26 13:39:38'),
(664, 1.42, 1.57, 2.23, 0.84, 4.06, 3.43, 0, 30.2, '2025-11-26 13:39:40'),
(665, 1.43, 1.55, 2.21, 0.85, 4.32, 3.67, 0, 30.2, '2025-11-26 13:39:42');
INSERT INTO `sensor_reading` (`id`, `solar_voltage`, `solar_current`, `solar_power`, `battery_voltage`, `battery_current`, `battery_power`, `battery_soc`, `temperature`, `reading_time`) VALUES
(666, 1.43, 1.51, 2.16, 0.85, 4.21, 3.6, 0, 30.2, '2025-11-26 13:39:44'),
(667, 1.4, 1.55, 2.17, 0.82, 4.17, 3.42, 0, 30.2, '2025-11-26 13:39:46'),
(668, 1.45, 1.59, 2.3, 0.87, 4.32, 3.74, 0, 30.2, '2025-11-26 13:39:48'),
(669, 1.45, 1.6, 2.32, 0.83, 4.17, 3.47, 0, 30.2, '2025-11-26 13:39:50'),
(670, 1.55, 1.6, 2.48, 0.91, 3.68, 3.34, 0, 30.2, '2025-11-26 13:39:52'),
(671, 1.54, 1.47, 2.27, 0.91, 3.97, 3.6, 0, 30.2, '2025-11-26 13:39:54'),
(672, 1.58, 1.73, 2.73, 0.89, 4.37, 3.91, 0, 30.2, '2025-11-26 13:39:57'),
(673, 1.6, 1.56, 2.49, 0.91, 4.49, 4.09, 0, 30.2, '2025-11-26 13:40:00'),
(674, 1.54, 1.63, 2.52, 0.92, 4.46, 4.09, 0, 30.2, '2025-11-26 13:40:01'),
(675, 1.58, 1.6, 2.52, 0.93, 4.64, 4.34, 0, 30.2, '2025-11-26 13:40:03'),
(676, 1.53, 1.59, 2.42, 0.89, 4.12, 3.67, 0, 30.2, '2025-11-26 13:40:07'),
(677, 1.65, 1.68, 2.77, 1.01, 4.14, 4.18, 0, 30.2, '2025-11-26 13:40:10'),
(678, 1.61, 1.61, 2.59, 0.97, 4.28, 4.14, 0, 30.2, '2025-11-26 13:40:12'),
(679, 1.61, 1.68, 2.7, 0.96, 4.52, 4.35, 0, 30.2, '2025-11-26 13:40:14'),
(680, 1.61, 1.6, 2.58, 1, 4.31, 4.32, 0, 30.2, '2025-11-26 13:40:17'),
(681, 1.61, 1.62, 2.61, 0.99, 4.55, 4.48, 0, 30.2, '2025-11-26 13:40:19'),
(682, 1.62, 1.79, 2.91, 0.96, 4.64, 4.47, 0, 30.1, '2025-11-26 13:40:21'),
(683, 1.67, 1.76, 2.95, 1.03, 4.64, 4.76, 0, 30.2, '2025-11-26 13:40:23'),
(684, 1.61, 1.59, 2.57, 0.94, 4.17, 3.92, 0, 30.2, '2025-11-26 13:40:25'),
(685, 1.53, 1.69, 2.58, 0.95, 4.67, 4.42, 0, 30.2, '2025-11-26 13:40:27'),
(686, 1.61, 1.57, 2.52, 0.99, 4.67, 4.6, 0, 30.2, '2025-11-26 13:40:29'),
(687, 1.6, 1.55, 2.48, 1.03, 4.76, 4.88, 0, 30.2, '2025-11-26 13:40:33'),
(688, 1.61, 1.57, 2.52, 1.01, 4.99, 5.03, 0, 30.1, '2025-11-26 13:40:36'),
(689, 1.65, 1.67, 2.76, 0.95, 4.68, 4.46, 0, 30.1, '2025-11-26 13:40:38'),
(690, 1.61, 1.75, 2.82, 0.96, 4.43, 4.26, 0, 30.1, '2025-11-26 13:40:42'),
(691, 1.72, 1.68, 2.89, 0.99, 4.96, 4.89, 0, 30.2, '2025-11-26 13:40:45'),
(692, 1.78, 1.66, 2.95, 1, 4.61, 4.62, 0, 30.1, '2025-11-26 13:40:48'),
(693, 1.81, 1.73, 3.12, 1.04, 4.46, 4.65, 0, 30.2, '2025-11-26 13:40:51'),
(694, 1.81, 1.53, 2.76, 0.99, 4.44, 4.38, 0, 30.1, '2025-11-26 13:40:55'),
(695, 1.77, 1.62, 2.88, 1.01, 4.68, 4.73, 0, 30.1, '2025-11-26 13:40:57'),
(696, 1.75, 1.76, 3.09, 1.01, 4.53, 4.57, 0, 30.1, '2025-11-26 13:40:59'),
(697, 1.73, 1.5, 2.6, 1, 4.55, 4.56, 0, 30.1, '2025-11-26 13:41:01'),
(698, 1.76, 1.76, 3.1, 0.99, 4.58, 4.54, 0, 30.1, '2025-11-26 13:41:03'),
(699, 1.77, 1.72, 3.04, 1, 4.76, 4.78, 0, 30.2, '2025-11-26 13:41:05'),
(700, 1.71, 1.74, 2.98, 0.99, 4.61, 4.54, 0, 30.1, '2025-11-26 13:41:07'),
(701, 1.74, 1.67, 2.9, 1.01, 4.41, 4.48, 0, 30.1, '2025-11-26 13:41:10'),
(702, 1.77, 1.68, 2.98, 1, 4.64, 4.65, 0, 30.1, '2025-11-26 13:41:12'),
(703, 1.66, 1.76, 2.92, 14.12, 4.94, 69.8, 100, 30.1, '2025-11-26 13:41:14'),
(704, 1.11, 0.15, 0.17, 0.81, 0.04, 0.03, 100, 30.1, '2025-11-26 13:41:16'),
(705, 1.11, 0.02, 0.03, 13.37, 0.32, 4.22, 100, 30.2, '2025-11-26 13:41:20'),
(706, 1.11, 0.13, 0.14, 13.46, 0.3, 4.05, 100, 30.1, '2025-11-26 13:41:23'),
(707, 1.11, 0.09, 0.1, 13.47, 0.38, 5.07, 100, 30.1, '2025-11-26 13:41:25'),
(708, 1.11, 0.05, 0.05, 13.46, 0.1, 1.39, 100, 30.1, '2025-11-26 13:41:27'),
(709, 1.11, 0, 0, 13.45, 0.04, 0.58, 100, 30.2, '2025-11-26 13:41:29'),
(710, 1.81, 1.7, 3.08, 14.17, 4.82, 68.31, 100, 30.1, '2025-11-26 13:41:31'),
(711, 1.8, 1.76, 3.18, 14.17, 4.76, 67.45, 100, 30.1, '2025-11-26 13:41:33'),
(712, 1.81, 1.76, 3.19, 14.15, 4.58, 64.77, 100, 30.1, '2025-11-26 13:41:36'),
(713, 1.11, 0, 0, 13.48, 0.1, 1.4, 100, 30.1, '2025-11-26 13:41:38'),
(714, 1.11, 0.11, 0.12, 13.48, 0.11, 1.46, 100, 30.1, '2025-11-26 13:41:40'),
(715, 1.11, 0.01, 0.01, 13.49, 0.09, 1.26, 100, 30.1, '2025-11-26 13:41:42'),
(716, 1.11, 0.02, 0.03, 13.51, 0, 0.03, 100, 30.1, '2025-11-26 13:41:44'),
(717, 1.11, 0.09, 0.11, 13.44, 0.06, 0.85, 100, 30.1, '2025-11-26 13:41:46'),
(718, 1.11, 0.06, 0.07, 13.49, 0.07, 0.99, 100, 30.1, '2025-11-26 13:41:48'),
(719, 1.11, 0.01, 0.01, 13.5, 0.11, 1.47, 100, 30.1, '2025-11-26 13:41:51'),
(720, 1.11, 0.01, 0.01, 13.45, 0.03, 0.37, 100, 30.1, '2025-11-26 13:41:53'),
(721, 1.11, 0.13, 0.15, 13.51, 0.03, 0.44, 100, 30.1, '2025-11-26 13:41:55'),
(722, 1.11, 0.11, 0.12, 13.46, 0.31, 4.11, 100, 30.1, '2025-11-26 13:41:57'),
(723, 1.11, 0.05, 0.06, 13.5, 0.05, 0.65, 100, 30.1, '2025-11-26 13:41:59'),
(724, 1.11, 0.01, 0.01, 13.51, 0.03, 0.37, 100, 30.1, '2025-11-26 13:42:01'),
(725, 1.11, 0.12, 0.13, 13.45, 0.18, 2.41, 100, 30.1, '2025-11-26 13:42:03'),
(726, 1.11, 0.06, 0.07, 13.45, 0.11, 1.46, 100, 30.1, '2025-11-26 13:42:05'),
(727, 1.11, 0.09, 0.1, 13.44, 0.12, 1.59, 100, 30.1, '2025-11-26 13:42:07'),
(728, 1.11, 0.01, 0.01, 13.44, 0.07, 0.98, 100, 30.1, '2025-11-26 13:42:09'),
(729, 1.11, 0.1, 0.11, 13.43, 0.01, 0.17, 100, 30.1, '2025-11-26 13:42:12'),
(730, 1.11, 0.01, 0.02, 13.41, 0.1, 1.39, 100, 30.1, '2025-11-26 13:42:14'),
(731, 1.11, 0.03, 0.03, 13.46, 0.5, 6.69, 100, 30.1, '2025-11-26 13:42:16'),
(732, 1.11, 0.01, 0.01, 13.41, 0.11, 1.46, 100, 30.1, '2025-11-26 13:42:18'),
(733, 1.11, 0.02, 0.03, 13.45, 0.15, 2, 100, 30.1, '2025-11-26 13:42:20'),
(734, 1.53, 1.6, 2.44, 13.96, 4.61, 64.33, 100, 30.1, '2025-11-26 13:42:24'),
(735, 1.51, 1.7, 2.57, 14.09, 4.71, 66.43, 100, 30.1, '2025-11-26 13:42:27'),
(736, 1.61, 1.56, 2.51, 14.07, 4.53, 63.79, 100, 30, '2025-11-26 13:42:29'),
(737, 1.68, 1.63, 2.73, 14.1, 4.53, 63.92, 100, 30, '2025-11-26 13:42:31'),
(738, 1.67, 1.6, 2.67, 14.11, 4.61, 65.02, 100, 30, '2025-11-26 13:42:34'),
(739, 1.65, 1.6, 2.64, 14.1, 4.29, 60.48, 100, 30, '2025-11-26 13:42:36'),
(740, 1.11, 0.05, 0.06, 13.46, 0.17, 2.28, 100, 30.1, '2025-11-26 13:42:39'),
(741, 1.11, 0.02, 0.02, 13.4, 0.27, 3.62, 100, 30, '2025-11-26 13:42:43'),
(742, 1.11, 0, 0, 13.46, 0.13, 1.8, 100, 30, '2025-11-26 13:42:45'),
(743, 1.11, 0.04, 0.04, 13.46, 0.01, 0.17, 100, 30, '2025-11-26 13:42:47'),
(744, 1.11, 0.06, 0.07, 13.45, 0.1, 1.39, 100, 30.1, '2025-11-26 13:42:49'),
(745, 1.11, 0.02, 0.02, 13.46, 0.12, 1.67, 100, 30.1, '2025-11-26 13:42:51'),
(746, 1.11, 0.1, 0.11, 13.45, 0.1, 1.39, 100, 30, '2025-11-26 13:42:53'),
(747, 1.11, 0.05, 0.06, 13.46, 0.01, 0.17, 100, 30.1, '2025-11-26 13:42:56'),
(748, 1.11, 0.12, 0.13, 13.5, 0.38, 5.08, 100, 30, '2025-11-26 13:42:58'),
(749, 1.11, 0.1, 0.11, 13.46, 0.05, 0.65, 100, 30, '2025-11-26 13:43:00'),
(750, 1.11, 0.01, 0.01, 13.49, 0.12, 1.6, 100, 30, '2025-11-26 13:43:02'),
(751, 1.11, 0.04, 0.04, 13.46, 0.03, 0.37, 100, 30, '2025-11-26 13:43:04'),
(752, 1.11, 0, 0, 13.47, 0.06, 0.85, 100, 30, '2025-11-26 13:43:06'),
(753, 1.11, 0, 0, 13.48, 0.04, 0.58, 100, 30, '2025-11-26 13:43:09'),
(754, 1.11, 0.05, 0.05, 13.46, 0.23, 3.09, 100, 30, '2025-11-26 13:43:11'),
(755, 1.11, 0.12, 0.13, 13.47, 0.15, 2.01, 100, 30, '2025-11-26 13:43:13'),
(756, 1.11, 0.09, 0.1, 13.46, 0.04, 0.58, 100, 30, '2025-11-26 13:43:15'),
(757, 1.11, 0.08, 0.09, 13.46, 0.07, 0.99, 100, 30, '2025-11-26 13:43:17'),
(758, 1.11, 0.08, 0.09, 13.46, 0.14, 1.87, 100, 30, '2025-11-26 13:43:19'),
(759, 1.11, 0.08, 0.09, 13.46, 0.1, 1.39, 100, 30, '2025-11-26 13:43:21'),
(760, 1.11, 0.02, 0.02, 13.47, 0.36, 4.86, 100, 30, '2025-11-26 13:43:23'),
(761, 1.11, 0.07, 0.08, 13.46, 0.15, 2.07, 100, 30, '2025-11-26 13:43:25'),
(762, 1.11, 0.03, 0.04, 13.55, 0.35, 4.69, 100, 30, '2025-11-26 13:43:28'),
(763, 1.11, 0.06, 0.06, 13.51, 0.03, 0.44, 100, 30, '2025-11-26 13:43:30'),
(764, 1.11, 0.03, 0.03, 13.44, 0.12, 1.66, 100, 29.9, '2025-11-26 13:43:32'),
(765, 1.11, 0.23, 0.26, 13.57, 0.11, 1.47, 100, 29.9, '2025-11-26 13:43:34'),
(766, 1.11, 0, 0, 13.46, 0.5, 6.7, 100, 29.9, '2025-11-26 13:43:36'),
(767, 2, 1.95, 3.91, 14.26, 5.43, 77.39, 99, 29.9, '2025-11-26 13:43:38'),
(768, 1.87, 1.75, 3.27, 14.27, 5.29, 75.48, 99, 29.9, '2025-11-26 13:43:42'),
(769, 1.81, 1.85, 3.35, 14.26, 5.24, 74.8, 99, 29.9, '2025-11-26 13:43:45'),
(770, 1.91, 1.73, 3.31, 14.23, 4.88, 69.45, 99, 29.9, '2025-11-26 13:43:47'),
(771, 1.81, 1.59, 2.87, 14.26, 4.96, 70.67, 99, 29.9, '2025-11-26 13:43:49'),
(772, 1.9, 1.75, 3.33, 14.23, 4.97, 70.77, 99, 29.9, '2025-11-26 13:43:51'),
(773, 1.81, 1.68, 3.04, 14.23, 4.82, 68.61, 99, 29.9, '2025-11-26 13:43:54'),
(774, 1.9, 1.8, 3.42, 14.22, 4.93, 70.04, 99, 29.9, '2025-11-26 13:43:56'),
(775, 1.91, 1.76, 3.37, 14.23, 4.9, 69.66, 99, 29.9, '2025-11-26 13:43:58'),
(776, 1.92, 1.72, 3.29, 14.19, 4.94, 70.14, 99, 29.9, '2025-11-26 13:44:00'),
(777, 1.9, 1.61, 3.06, 14.24, 5.03, 71.69, 99, 29.9, '2025-11-26 13:44:02'),
(778, 1.92, 1.67, 3.21, 14.23, 5.03, 71.63, 99, 29.9, '2025-11-26 13:44:04'),
(779, 1.93, 1.78, 3.43, 14.22, 4.97, 70.68, 99, 29.9, '2025-11-26 13:44:07'),
(780, 1.93, 1.75, 3.38, 14.23, 4.76, 67.75, 99, 29.9, '2025-11-26 13:44:09'),
(781, 1.9, 1.53, 2.92, 1.11, 4.94, 5.49, 99, 29.9, '2025-11-26 13:44:11'),
(782, 1.89, 1.76, 3.33, 1.12, 5.03, 5.62, 99, 29.9, '2025-11-26 13:44:13'),
(783, 1.9, 1.61, 3.05, 1.08, 4.93, 5.31, 99, 29.9, '2025-11-26 13:44:15'),
(784, 1.9, 1.76, 3.34, 14.23, 4.91, 69.88, 99, 29.9, '2025-11-26 13:44:17'),
(785, 1.89, 1.69, 3.19, 13.81, 4.68, 64.7, 99, 29.9, '2025-11-26 13:44:19'),
(786, 1.91, 1.68, 3.22, 14.26, 4.74, 67.67, 99, 29.9, '2025-11-26 13:44:21'),
(787, 1.86, 1.82, 3.38, 14.21, 4.84, 68.72, 99, 29.9, '2025-11-26 13:44:23'),
(788, 1.9, 1.51, 2.86, 14.24, 4.93, 70.18, 99, 29.9, '2025-11-26 13:44:26'),
(789, 1.86, 1.72, 3.19, 14.22, 5.06, 71.98, 99, 29.9, '2025-11-26 13:44:28'),
(790, 1.9, 1.73, 3.28, 14.22, 4.88, 69.39, 98, 29.9, '2025-11-26 13:44:30'),
(791, 1.9, 1.74, 3.29, 14.24, 4.9, 69.72, 98, 29.9, '2025-11-26 13:44:32'),
(792, 1.9, 1.74, 3.29, 14.24, 4.85, 69.07, 98, 29.9, '2025-11-26 13:44:34'),
(793, 1.89, 1.79, 3.38, 14.18, 4.76, 67.51, 98, 29.9, '2025-11-26 13:44:36'),
(794, 1.9, 1.85, 3.51, 14.24, 4.76, 67.81, 98, 29.9, '2025-11-26 13:44:38'),
(795, 1.91, 1.47, 2.8, 14.22, 5.06, 72.01, 98, 29.9, '2025-11-26 13:44:40'),
(796, 1.9, 1.59, 3.03, 14.23, 5.06, 72.06, 98, 29.9, '2025-11-26 13:44:43'),
(797, 1.92, 1.82, 3.5, 14.22, 4.87, 69.18, 98, 29.9, '2025-11-26 13:44:45'),
(798, 1.87, 1.76, 3.29, 14.21, 4.76, 67.64, 98, 29.9, '2025-11-26 13:44:47'),
(799, 1.82, 1.72, 3.12, 14.22, 4.87, 69.18, 98, 29.9, '2025-11-26 13:44:49'),
(800, 1.87, 1.72, 3.22, 14.22, 4.93, 70.04, 98, 29.9, '2025-11-26 13:44:51'),
(801, 1.9, 1.59, 3.02, 14.21, 4.58, 65.06, 98, 29.9, '2025-11-26 13:44:53'),
(802, 1.8, 1.62, 2.93, 14.21, 4.81, 68.29, 98, 29.9, '2025-11-26 13:44:55'),
(803, 1.89, 1.76, 3.33, 14.21, 4.87, 69.15, 98, 29.9, '2025-11-26 13:44:58'),
(804, 1.84, 1.81, 3.34, 14.21, 4.76, 67.64, 98, 29.9, '2025-11-26 13:45:00'),
(805, 1.86, 1.72, 3.19, 14.22, 4.99, 70.9, 98, 29.9, '2025-11-26 13:45:02'),
(806, 1.11, 0.01, 0.02, 13.46, 0.15, 2.07, 98, 29.9, '2025-11-26 13:45:05'),
(807, 1.11, 0.1, 0.11, 13.56, 0.26, 3.46, 98, 29.9, '2025-11-26 13:45:08'),
(808, 1.11, 0.04, 0.04, 13.5, 0.09, 1.26, 98, 29.9, '2025-11-26 13:45:11'),
(809, 1.11, 0.1, 0.11, 13.51, 0.02, 0.24, 98, 29.9, '2025-11-26 13:45:13'),
(810, 1.11, 0.05, 0.06, 13.51, 0.05, 0.65, 98, 29.9, '2025-11-26 13:45:15'),
(811, 1.11, 0.11, 0.12, 13.51, 0.12, 1.67, 98, 29.9, '2025-11-26 13:45:17'),
(812, 1.11, 0.08, 0.09, 13.51, 0.15, 2.08, 98, 29.9, '2025-11-26 13:45:19'),
(813, 1.11, 0.06, 0.07, 13.49, 0.12, 1.6, 98, 29.9, '2025-11-26 13:45:21'),
(814, 1.11, 0.02, 0.02, 13.53, 0.23, 3.11, 98, 29.9, '2025-11-26 13:45:23'),
(815, 1.11, 0.16, 0.18, 13.5, 0.15, 2.08, 98, 29.9, '2025-11-26 13:45:25'),
(816, 1.11, 0.07, 0.08, 13.53, 0.16, 2.22, 98, 29.9, '2025-11-26 13:45:28'),
(817, 1.11, 0.06, 0.07, 13.51, 0, 0.03, 98, 29.9, '2025-11-26 13:45:30'),
(818, 1.11, 0.06, 0.06, 13.51, 0.06, 0.85, 98, 29.9, '2025-11-26 13:45:32'),
(819, 1.11, 0.05, 0.05, 13.51, 0.03, 0.37, 98, 29.9, '2025-11-26 13:45:34'),
(820, 1.11, 0.02, 0.02, 13.52, 0.12, 1.67, 98, 29.9, '2025-11-26 13:45:36'),
(821, 1.11, 0.02, 0.03, 13.51, 0.07, 0.99, 98, 29.9, '2025-11-26 13:45:38'),
(822, 1.11, 0.2, 0.22, 13.49, 0.06, 0.85, 98, 29.9, '2025-11-26 13:45:40'),
(823, 1.11, 0.07, 0.08, 13.51, 0.48, 6.52, 98, 29.9, '2025-11-26 13:45:42'),
(824, 1.11, 0.07, 0.08, 13.45, 0.18, 2.48, 98, 29.9, '2025-11-26 13:45:44'),
(825, 1.11, 0.04, 0.04, 13.51, 0.15, 2.08, 98, 29.9, '2025-11-26 13:45:47'),
(826, 1.11, 0.01, 0.02, 13.52, 0.05, 0.65, 98, 29.9, '2025-11-26 13:45:49'),
(827, 1.11, 0.16, 0.18, 13.51, 0.12, 1.67, 98, 29.8, '2025-11-26 13:45:51'),
(828, 1.11, 0.06, 0.06, 13.45, 0.29, 3.91, 98, 29.9, '2025-11-26 13:45:53'),
(829, 1.11, 0.11, 0.12, 13.2, 5.11, 67.44, 98, 29.9, '2025-11-26 13:45:55'),
(830, 1.11, 0.05, 0.06, 13.08, 3.02, 39.48, 98, 29.9, '2025-11-26 13:45:57'),
(831, 1.11, 0.12, 0.13, 13.03, 4.15, 54.13, 98, 29.9, '2025-11-26 13:45:59'),
(832, 1.11, 0.11, 0.12, 12.96, 4.55, 58.95, 98, 29.9, '2025-11-26 13:46:01'),
(833, 1.11, 0.19, 0.21, 12.93, 4.11, 53.14, 98, 29.9, '2025-11-26 13:46:04'),
(834, 1.11, 0.03, 0.03, 12.82, 4.94, 63.38, 98, 29.9, '2025-11-26 13:46:06'),
(835, 1.11, 0.05, 0.06, 12.9, 3.9, 50.26, 98, 29.9, '2025-11-26 13:46:08'),
(836, 1.11, 0.09, 0.1, 12.86, 2.7, 34.71, 98, 29.9, '2025-11-26 13:46:10'),
(837, 1.11, 0.06, 0.06, 12.86, 4.73, 60.82, 98, 29.9, '2025-11-26 13:46:12'),
(838, 1.11, 0.05, 0.05, 12.86, 3.81, 48.94, 97, 29.9, '2025-11-26 13:46:14'),
(839, 1.11, 0.02, 0.03, 12.86, 4.52, 58.12, 97, 29.9, '2025-11-26 13:46:16'),
(840, 1.11, 0.06, 0.07, 12.86, 3.64, 46.81, 97, 29.9, '2025-11-26 13:46:19'),
(841, 1.11, 0.11, 0.12, 12.82, 4.96, 63.58, 97, 29.9, '2025-11-26 13:46:21'),
(842, 1.11, 0.22, 0.24, 12.85, 3.68, 47.36, 97, 29.9, '2025-11-26 13:46:23'),
(843, 1.11, 0.01, 0.01, 12.85, 4.35, 55.93, 97, 29.9, '2025-11-26 13:46:25'),
(844, 1.11, 0.12, 0.13, 12.88, 4.93, 63.47, 97, 29.9, '2025-11-26 13:46:27'),
(845, 1.11, 0.01, 0.01, 12.85, 4.12, 52.98, 97, 29.9, '2025-11-26 13:46:30'),
(846, 1.11, 0.03, 0.03, 12.85, 4.78, 61.35, 97, 29.9, '2025-11-26 13:46:31'),
(847, 1.11, 0.01, 0.02, 12.84, 4.14, 53.15, 97, 29.9, '2025-11-26 13:46:33'),
(848, 3, 1.91, 5.72, 13.85, 5.28, 73.04, 97, 29.9, '2025-11-26 13:46:37'),
(849, 12.37, 1.83, 22.63, 13.86, 5.85, 81.08, 97, 29.9, '2025-11-26 13:46:40'),
(850, 12.48, 1.99, 24.79, 13.83, 5.56, 76.96, 97, 29.9, '2025-11-26 13:46:42'),
(851, 12.47, 1.74, 21.67, 13.87, 5.46, 75.71, 97, 29.9, '2025-11-26 13:46:44'),
(852, 12.47, 1.71, 21.33, 13.9, 5.56, 77.34, 97, 29.8, '2025-11-26 13:46:47'),
(853, 12.47, 1.81, 22.61, 13.89, 5.46, 75.8, 97, 29.9, '2025-11-26 13:46:49'),
(854, 12.43, 1.76, 21.86, 13.9, 5.76, 80.08, 97, 29.8, '2025-11-26 13:46:51'),
(855, 12.47, 1.87, 23.36, 13.96, 5.56, 77.66, 97, 29.9, '2025-11-26 13:46:53'),
(856, 12.47, 1.81, 22.55, 13.96, 5.08, 70.89, 97, 29.8, '2025-11-26 13:46:55'),
(857, 12.46, 1.85, 23.06, 13.94, 5.65, 78.8, 97, 29.9, '2025-11-26 13:46:57'),
(858, 12.47, 1.85, 23.09, 13.89, 5.65, 78.51, 97, 29.9, '2025-11-26 13:46:59'),
(859, 12.45, 1.85, 22.98, 13.95, 5.52, 76.96, 97, 29.8, '2025-11-26 13:47:01'),
(860, 12.44, 1.79, 22.29, 13.94, 5.67, 79.01, 96, 29.8, '2025-11-26 13:47:04'),
(861, 12.41, 1.9, 23.57, 13.94, 5.46, 76.05, 96, 29.9, '2025-11-26 13:47:06'),
(862, 12.36, 1.91, 23.55, 13.96, 5.2, 72.58, 96, 29.8, '2025-11-26 13:47:08'),
(863, 12.46, 1.77, 22.06, 13.97, 4.82, 67.35, 96, 29.8, '2025-11-26 13:47:10'),
(864, 12.44, 1.74, 21.62, 1.1, 5.06, 5.57, 96, 29.8, '2025-11-26 13:47:12'),
(865, 12.41, 1.73, 21.43, 1.09, 4.71, 5.16, 96, 29.8, '2025-11-26 13:47:14'),
(866, 12.37, 1.74, 21.56, 1.07, 4.61, 4.94, 96, 29.8, '2025-11-26 13:47:16'),
(867, 12.4, 1.74, 21.62, 1.11, 5, 5.53, 96, 29.8, '2025-11-26 13:47:18'),
(868, 12.39, 1.81, 22.39, 1.11, 4.99, 5.54, 96, 29.8, '2025-11-26 13:47:21'),
(869, 12.4, 1.72, 21.35, 1.09, 4.99, 5.46, 96, 29.8, '2025-11-26 13:47:23'),
(870, 12.41, 1.52, 18.88, 1.1, 4.65, 5.12, 96, 29.8, '2025-11-26 13:47:25'),
(871, 12.38, 1.88, 23.25, 1.1, 4.99, 5.49, 96, 29.8, '2025-11-26 13:47:27'),
(872, 12.43, 1.69, 21, 1.11, 4.61, 5.1, 96, 29.8, '2025-11-26 13:47:29'),
(873, 12.38, 1.79, 22.18, 1.11, 4.85, 5.36, 96, 29.8, '2025-11-26 13:47:31'),
(874, 12.41, 1.73, 21.43, 1.11, 5.03, 5.57, 96, 29.9, '2025-11-26 13:47:33'),
(875, 12.27, 1.81, 22.25, 1.1, 4.76, 5.24, 96, 29.8, '2025-11-26 13:47:36'),
(876, 12.43, 1.79, 22.26, 1.11, 5.21, 5.77, 96, 29.8, '2025-11-26 13:47:38'),
(877, 12.36, 1.82, 22.54, 1.09, 4.96, 5.4, 96, 29.8, '2025-11-26 13:47:40'),
(878, 12.36, 1.81, 22.42, 1.03, 5.06, 5.22, 96, 29.9, '2025-11-26 13:47:42'),
(879, 12.35, 1.72, 21.25, 1.09, 5, 5.45, 96, 29.8, '2025-11-26 13:47:44'),
(880, 12.35, 1.92, 23.72, 1.09, 4.52, 4.92, 96, 29.8, '2025-11-26 13:47:46'),
(881, 12.28, 1.61, 19.74, 1.11, 5, 5.53, 96, 29.8, '2025-11-26 13:47:48'),
(882, 12.35, 1.76, 21.72, 1.09, 4.64, 5.08, 96, 29.8, '2025-11-26 13:47:51'),
(883, 12.34, 1.68, 20.77, 1.09, 4.93, 5.39, 96, 29.8, '2025-11-26 13:47:52'),
(884, 12.33, 1.78, 21.96, 1.1, 4.46, 4.9, 95, 29.8, '2025-11-26 13:47:55'),
(885, 12.33, 1.83, 22.56, 1.09, 4.78, 5.23, 95, 29.8, '2025-11-26 13:47:57'),
(886, 12.32, 1.79, 22.08, 1.11, 4.5, 4.98, 95, 29.8, '2025-11-26 13:47:59'),
(887, 12.31, 1.56, 19.26, 1.09, 4.9, 5.33, 95, 29.8, '2025-11-26 13:48:01'),
(888, 12.21, 1.72, 21.01, 1.09, 4.88, 5.31, 95, 29.8, '2025-11-26 13:48:03'),
(889, 12.31, 1.66, 20.39, 1.11, 4.99, 5.52, 95, 29.8, '2025-11-26 13:48:05'),
(890, 12.18, 1.78, 21.62, 1.09, 4.78, 5.23, 95, 29.8, '2025-11-26 13:48:07'),
(891, 11.2, 1.79, 20.01, 1.11, 5.09, 5.63, 95, 29.8, '2025-11-26 13:48:10'),
(892, 2.01, 1.68, 3.39, 1.12, 4.97, 5.56, 95, 29.8, '2025-11-26 13:48:12'),
(893, 2.01, 1.81, 3.64, 1.09, 4.91, 5.35, 95, 29.8, '2025-11-26 13:48:14'),
(894, 1.98, 1.74, 3.45, 1.06, 4.37, 4.63, 95, 29.8, '2025-11-26 13:48:16'),
(895, 2, 1.45, 2.9, 1.11, 4.73, 5.23, 95, 29.8, '2025-11-26 13:48:18'),
(896, 1.93, 1.76, 3.4, 1.04, 5.11, 5.33, 95, 29.8, '2025-11-26 13:48:20'),
(897, 1.97, 1.85, 3.64, 1.09, 4.76, 5.18, 95, 29.8, '2025-11-26 13:48:22'),
(898, 1.97, 1.75, 3.45, 1.09, 4.96, 5.4, 95, 29.8, '2025-11-26 13:48:24'),
(899, 1.98, 1.81, 3.59, 1.09, 4.76, 5.21, 95, 29.8, '2025-11-26 13:48:26'),
(900, 1.11, 0.06, 0.07, 0.81, 0.15, 0.12, 95, 29.8, '2025-11-26 13:48:30'),
(901, 1.11, 0.06, 0.07, 0.81, 0.3, 0.24, 95, 29.8, '2025-11-26 13:48:33'),
(902, 1.11, 0.1, 0.11, 0.81, 0.18, 0.15, 95, 29.8, '2025-11-26 13:48:36'),
(903, 1.11, 0.13, 0.15, 0.81, 0.01, 0.01, 95, 29.8, '2025-11-26 13:48:38'),
(904, 1.11, 0.16, 0.18, 0.81, 0.06, 0.05, 95, 29.8, '2025-11-26 13:48:40'),
(905, 1.11, 0.12, 0.13, 0.81, 0.09, 0.08, 95, 29.8, '2025-11-26 13:48:42'),
(906, 10.96, 0.05, 0.56, 0.81, 0.09, 0.08, 95, 29.8, '2025-11-26 13:48:44'),
(907, 11.27, 0.05, 0.57, 0.81, 0.15, 0.12, 95, 29.8, '2025-11-26 13:48:46'),
(908, 11.37, 0.07, 0.83, 0.81, 0.18, 0.15, 95, 29.8, '2025-11-26 13:48:48'),
(909, 11.34, 0.09, 1.02, 0.81, 0.15, 0.12, 95, 29.8, '2025-11-26 13:48:51'),
(910, 11.31, 0.01, 0.09, 0.81, 0.09, 0.08, 95, 29.8, '2025-11-26 13:48:53'),
(911, 11.29, 0.08, 0.94, 0.81, 0.06, 0.05, 95, 29.9, '2025-11-26 13:48:55'),
(912, 11.28, 0.04, 0.4, 0.81, 0.47, 0.38, 95, 29.8, '2025-11-26 13:48:57'),
(913, 11.27, 0.11, 1.25, 0.81, 0.21, 0.17, 95, 29.8, '2025-11-26 13:48:59'),
(914, 11.29, 0.1, 1.13, 0.81, 0, 0, 95, 29.8, '2025-11-26 13:49:01'),
(915, 11.35, 0.02, 0.21, 0.81, 0.36, 0.29, 95, 29.8, '2025-11-26 13:49:03'),
(916, 11.27, 0.09, 1, 0.81, 0.32, 0.26, 95, 29.8, '2025-11-26 13:49:05'),
(917, 11.23, 0.11, 1.24, 0.81, 0.15, 0.12, 95, 29.8, '2025-11-26 13:49:09'),
(918, 11.3, 0.09, 1, 0.81, 0.15, 0.12, 95, 29.8, '2025-11-26 13:49:12'),
(919, 11.27, 0.06, 0.64, 0.81, 0.46, 0.37, 95, 29.8, '2025-11-26 13:49:16'),
(920, 11.28, 0.11, 1.25, 13.36, 0.26, 3.41, 95, 29.8, '2025-11-26 13:49:19'),
(921, 11.22, 0.31, 3.43, 13.37, 0.16, 2.19, 95, 29.8, '2025-11-26 13:49:23'),
(922, 11.35, 0.11, 1.26, 13.39, 0.12, 1.66, 95, 29.8, '2025-11-26 13:49:26'),
(923, 11.28, 0.02, 0.21, 13.41, 0.28, 3.69, 95, 29.8, '2025-11-26 13:49:28'),
(924, 11.29, 0.05, 0.52, 13.41, 0.05, 0.64, 95, 29.8, '2025-11-26 13:49:30'),
(925, 11.35, 0.01, 0.09, 13.36, 0.03, 0.37, 95, 29.8, '2025-11-26 13:49:32'),
(926, 11.29, 0.02, 0.21, 13.41, 0, 0.03, 95, 29.8, '2025-11-26 13:49:34'),
(927, 11.28, 0.09, 1, 13.41, 0.02, 0.24, 95, 29.8, '2025-11-26 13:49:36'),
(928, 11.32, 0.17, 1.87, 13.43, 0.11, 1.46, 95, 29.8, '2025-11-26 13:49:38'),
(929, 11.33, 0.06, 0.7, 13.43, 0, 0.03, 95, 29.8, '2025-11-26 13:49:40'),
(930, 11.26, 0.01, 0.16, 13.42, 0.01, 0.17, 95, 29.8, '2025-11-26 13:49:43'),
(931, 11.18, 0.05, 0.58, 13.45, 0.03, 0.44, 95, 29.8, '2025-11-26 13:49:45'),
(932, 11.28, 0.07, 0.82, 13.41, 0.04, 0.58, 95, 29.8, '2025-11-26 13:49:47'),
(933, 11.26, 0.04, 0.45, 13.42, 0.19, 2.61, 95, 29.8, '2025-11-26 13:49:49'),
(934, 11.33, 0.01, 0.09, 13.42, 0, 0.03, 95, 29.8, '2025-11-26 13:49:51'),
(935, 11.26, 0.03, 0.34, 13.38, 0.62, 8.34, 95, 29.8, '2025-11-26 13:49:53'),
(936, 11.33, 0.07, 0.76, 13.1, 5.06, 66.35, 95, 29.8, '2025-11-26 13:49:55'),
(937, 11.26, 0.2, 2.23, 13.05, 4.17, 54.4, 95, 29.8, '2025-11-26 13:49:58'),
(938, 11.28, 0.1, 1.13, 13.06, 2.34, 30.5, 95, 29.8, '2025-11-26 13:50:00'),
(939, 11.21, 0.09, 1, 12.91, 4.14, 53.44, 95, 29.8, '2025-11-26 13:50:02'),
(940, 11.28, 0.11, 1.25, 12.94, 2.76, 35.73, 95, 29.8, '2025-11-26 13:50:04'),
(941, 11.21, 0.07, 0.76, 12.93, 4.53, 58.63, 95, 29.8, '2025-11-26 13:50:06'),
(942, 11.29, 0, 0.03, 12.85, 4.38, 56.32, 95, 29.8, '2025-11-26 13:50:08'),
(943, 11.26, 0.07, 0.77, 12.93, 2.97, 38.44, 95, 29.8, '2025-11-26 13:50:10'),
(944, 11.26, 0.06, 0.7, 12.89, 4.93, 63.52, 95, 29.8, '2025-11-26 13:50:12'),
(945, 11.31, 0.08, 0.88, 12.85, 4.5, 57.85, 94, 29.8, '2025-11-26 13:50:14'),
(946, 11.33, 0.05, 0.53, 12.87, 4.17, 53.66, 94, 85, '2025-11-26 13:50:17'),
(947, 11.3, 0.01, 0.15, 13.03, 0.32, 4.18, 94, 29.8, '2025-11-26 13:50:19'),
(948, 11.26, 0.19, 2.1, 13.08, 0.47, 6.18, 94, 29.8, '2025-11-26 13:50:22'),
(949, 11.27, 0.11, 1.25, 13.08, 0.35, 4.59, 94, 29.8, '2025-11-26 13:50:26'),
(950, 11.23, 0.13, 1.49, 13.08, 0.47, 6.18, 94, 29.8, '2025-11-26 13:50:29'),
(951, 11.31, 0.01, 0.09, 13.16, 0.55, 7.21, 94, 29.8, '2025-11-26 13:50:32'),
(952, 11.26, 0.01, 0.09, 13.16, 0.28, 3.62, 94, 29.8, '2025-11-26 13:50:35'),
(953, 11.24, 0.05, 0.58, 13.16, 0.15, 2.03, 94, 29.8, '2025-11-26 13:50:37'),
(954, 11.23, 0.11, 1.25, 13.17, 0.24, 3.23, 94, 29.8, '2025-11-26 13:50:39'),
(955, 11.26, 0.22, 2.53, 13.18, 0.15, 2.03, 94, 29.8, '2025-11-26 13:50:41'),
(956, 11.26, 0.08, 0.89, 13.17, 0.44, 5.82, 94, 29.8, '2025-11-26 13:50:43'),
(957, 11.24, 0.12, 1.36, 13.16, 0.46, 6.02, 94, 29.8, '2025-11-26 13:50:45'),
(958, 11.28, 0.04, 0.4, 13.3, 0.44, 5.88, 94, 29.8, '2025-11-26 13:50:47'),
(959, 11.26, 0, 0.03, 13.15, 0.11, 1.43, 94, 29.8, '2025-11-26 13:50:50'),
(960, 11.16, 0.19, 2.09, 13.16, 0.38, 5.02, 94, 29.8, '2025-11-26 13:50:52'),
(961, 11.28, 0.06, 0.64, 13.2, 0.4, 5.23, 94, 29.8, '2025-11-26 13:50:54'),
(962, 11.24, 0.32, 3.56, 13.2, 0.31, 4.03, 94, 29.8, '2025-11-26 13:50:56'),
(963, 11.23, 0.01, 0.16, 13.22, 0.43, 5.64, 94, 29.8, '2025-11-26 13:50:58'),
(964, 11.26, 0.01, 0.16, 13.2, 0.21, 2.83, 94, 29.8, '2025-11-26 13:51:00'),
(965, 11.14, 0.07, 0.75, 13.22, 0.28, 3.64, 94, 29.8, '2025-11-26 13:51:02'),
(966, 11.16, 0.05, 0.58, 13.22, 0.34, 4.44, 94, 29.8, '2025-11-26 13:51:04'),
(967, 11.23, 0.11, 1.25, 13.21, 0.37, 4.84, 94, 29.8, '2025-11-26 13:51:07'),
(968, 11.18, 0.05, 0.58, 13.22, 0.46, 6.04, 94, 29.8, '2025-11-26 13:51:09'),
(969, 11.24, 0, 0.03, 13.2, 0.32, 4.23, 94, 29.8, '2025-11-26 13:51:11'),
(970, 11.24, 0.06, 0.64, 13.2, 0, 0.03, 94, 29.8, '2025-11-26 13:51:13'),
(971, 11.25, 0.09, 1.07, 13.21, 0.28, 3.64, 94, 29.8, '2025-11-26 13:51:15'),
(972, 11.26, 0.08, 0.95, 13.22, 0.34, 4.44, 94, 29.8, '2025-11-26 13:51:17'),
(973, 11.26, 0.04, 0.4, 13.22, 0.37, 4.84, 94, 29.8, '2025-11-26 13:51:19'),
(974, 11.27, 0.05, 0.52, 13.18, 0.68, 9.02, 94, 29.8, '2025-11-26 13:51:21'),
(975, 11.25, 0.23, 2.59, 13.01, 0.21, 2.79, 94, 29.8, '2025-11-26 13:51:24'),
(976, 11.2, 0.01, 0.09, 13.21, 0.29, 3.84, 94, 29.8, '2025-11-26 13:51:26'),
(977, 11.22, 0.02, 0.28, 13.2, 0.37, 4.83, 94, 29.8, '2025-11-26 13:51:28'),
(978, 11.26, 0.12, 1.31, 13.22, 0.46, 6.04, 94, 29.8, '2025-11-26 13:51:30'),
(979, 11.26, 0.1, 1.13, 13.2, 0.23, 3.03, 94, 29.8, '2025-11-26 13:51:32'),
(980, 11.28, 0, 0.03, 13.22, 0.31, 4.04, 94, 29.8, '2025-11-26 13:51:34'),
(981, 11.26, 0.01, 0.09, 13.14, 0.07, 0.96, 94, 29.8, '2025-11-26 13:51:38'),
(982, 11.28, 0.21, 2.35, 13.25, 0.52, 6.86, 94, 29.8, '2025-11-26 13:51:41'),
(983, 11.25, 0.02, 0.22, 13.21, 0.1, 1.37, 94, 29.8, '2025-11-26 13:51:43'),
(984, 12.19, 1.78, 21.71, 13.93, 5.55, 77.29, 94, 29.8, '2025-11-26 13:51:45'),
(985, 12.18, 1.75, 21.3, 13.94, 5.85, 81.54, 94, 29.8, '2025-11-26 13:51:47'),
(986, 12.19, 2.01, 24.48, 13.92, 5.78, 80.39, 94, 29.8, '2025-11-26 13:51:49'),
(987, 12.22, 1.85, 22.56, 13.94, 5.94, 82.81, 94, 29.8, '2025-11-26 13:51:52'),
(988, 12.2, 1.79, 21.86, 13.91, 6.05, 84.12, 94, 29.8, '2025-11-26 13:51:54'),
(989, 12.25, 2.02, 24.72, 13.96, 5.96, 83.16, 94, 29.8, '2025-11-26 13:51:56'),
(990, 12.19, 2.07, 25.27, 13.94, 6.12, 85.34, 94, 29.8, '2025-11-26 13:51:58'),
(991, 12.11, 1.93, 23.34, 13.89, 6.09, 84.61, 94, 29.8, '2025-11-26 13:52:00'),
(992, 12.07, 2.08, 25.16, 13.96, 5.88, 82.1, 94, 29.8, '2025-11-26 13:52:02'),
(993, 12.18, 1.94, 23.59, 13.96, 5.49, 76.6, 94, 29.8, '2025-11-26 13:52:05'),
(994, 12.15, 1.83, 22.3, 13.96, 5.5, 76.81, 94, 29.8, '2025-11-26 13:52:07'),
(995, 12.21, 1.97, 24.05, 13.99, 5.67, 79.3, 94, 29.8, '2025-11-26 13:52:09'),
(996, 12.22, 2.06, 25.2, 13.96, 5.67, 79.17, 94, 29.8, '2025-11-26 13:52:11'),
(997, 12.19, 1.76, 21.51, 13.98, 5.71, 79.9, 94, 29.8, '2025-11-26 13:52:13'),
(998, 12.2, 1.93, 23.5, 13.99, 5.44, 76.12, 94, 29.8, '2025-11-26 13:52:15'),
(999, 12.21, 2.04, 24.9, 13.99, 5.67, 79.3, 94, 29.8, '2025-11-26 13:52:17'),
(1000, 12.21, 1.92, 23.45, 13.98, 5.58, 78, 94, 29.8, '2025-11-26 13:52:19'),
(1001, 12.21, 1.83, 22.4, 13.97, 5.35, 74.76, 93, 29.8, '2025-11-26 13:52:21'),
(1002, 12.14, 1.75, 21.23, 13.96, 5.64, 78.75, 93, 29.8, '2025-11-26 13:52:24'),
(1003, 12.2, 1.98, 24.16, 14.02, 5.81, 81.37, 93, 29.8, '2025-11-26 13:52:26'),
(1004, 12.18, 1.93, 23.47, 14, 5.44, 76.21, 93, 29.8, '2025-11-26 13:52:28'),
(1005, 12.15, 2.06, 24.99, 13.98, 5.81, 81.17, 93, 29.8, '2025-11-26 13:52:30'),
(1006, 12.18, 2.02, 24.64, 14, 5.55, 77.7, 93, 29.8, '2025-11-26 13:52:32'),
(1007, 12.21, 2.16, 26.44, 14.03, 5.44, 76.34, 93, 29.8, '2025-11-26 13:52:34'),
(1008, 12.18, 2, 24.38, 14.01, 5.64, 79, 93, 29.8, '2025-11-26 13:52:36'),
(1009, 12.17, 1.97, 23.97, 14, 5.4, 75.58, 93, 29.8, '2025-11-26 13:52:38'),
(1010, 12.18, 1.94, 23.67, 13.97, 5.02, 70.1, 93, 29.8, '2025-11-26 13:52:41'),
(1011, 12.08, 1.89, 22.89, 14.04, 5.44, 76.4, 93, 29.8, '2025-11-26 13:52:43'),
(1012, 12.24, 1.76, 21.59, 14.06, 5.46, 76.74, 93, 29.8, '2025-11-26 13:52:45'),
(1013, 12.19, 2.01, 24.54, 13.98, 5.61, 78.42, 93, 29.8, '2025-11-26 13:52:47'),
(1014, 12.18, 1.78, 21.63, 14.03, 5.44, 76.37, 93, 29.8, '2025-11-26 13:52:49'),
(1015, 12.18, 1.75, 21.3, 14.04, 5.52, 77.5, 93, 29.8, '2025-11-26 13:52:51'),
(1016, 12.23, 1.81, 22.11, 14, 5.67, 79.4, 93, 29.8, '2025-11-26 13:52:53'),
(1017, 12.19, 2.16, 26.32, 14.03, 5.67, 79.56, 93, 29.8, '2025-11-26 13:52:55'),
(1018, 12.24, 2.01, 24.64, 14.05, 6.09, 85.62, 93, 29.8, '2025-11-26 13:52:57'),
(1019, 12.21, 1.95, 23.85, 14.03, 5.68, 79.77, 93, 29.8, '2025-11-26 13:53:00'),
(1020, 12.22, 2.07, 25.33, 14.04, 5.78, 81.11, 93, 29.8, '2025-11-26 13:53:02'),
(1021, 12.16, 1.85, 22.44, 14.05, 5.94, 83.49, 93, 29.8, '2025-11-26 13:53:04'),
(1022, 12.18, 1.99, 24.26, 14.05, 5.2, 73.06, 92, 29.8, '2025-11-26 13:53:06'),
(1023, 12.18, 1.95, 23.8, 14.06, 5.76, 80.97, 92, 29.8, '2025-11-26 13:53:08'),
(1024, 12.18, 2.09, 25.45, 14.06, 5.56, 78.23, 92, 29.8, '2025-11-26 13:53:10'),
(1025, 12.18, 1.97, 24, 14.07, 5.79, 81.46, 92, 29.8, '2025-11-26 13:53:12'),
(1026, 12.18, 1.95, 23.79, 14.05, 5.4, 75.82, 92, 29.8, '2025-11-26 13:53:15'),
(1027, 12.22, 1.94, 23.75, 14.06, 5.68, 79.93, 92, 29.8, '2025-11-26 13:53:17'),
(1028, 12.18, 2.11, 25.63, 14.06, 5.14, 72.23, 92, 29.8, '2025-11-26 13:53:19'),
(1029, 12.21, 1.8, 21.95, 14.05, 5.29, 74.33, 92, 29.8, '2025-11-26 13:53:21'),
(1030, 12.13, 1.82, 22.12, 13.96, 5.59, 78.11, 92, 29.8, '2025-11-26 13:53:23'),
(1031, 12.16, 1.81, 22.05, 14.07, 5.67, 79.78, 92, 29.8, '2025-11-26 13:53:25'),
(1032, 12.17, 1.85, 22.52, 14.03, 5.71, 80.2, 92, 29.8, '2025-11-26 13:53:27'),
(1033, 12.18, 1.93, 23.52, 14.07, 5.09, 71.65, 92, 29.8, '2025-11-26 13:53:29'),
(1034, 12.17, 1.89, 22.98, 14.07, 5.4, 75.95, 92, 29.8, '2025-11-26 13:53:32'),
(1035, 12.18, 1.8, 21.96, 14.06, 5.26, 73.94, 92, 29.8, '2025-11-26 13:53:34'),
(1036, 12.17, 1.81, 22, 14.07, 5.41, 76.16, 92, 29.8, '2025-11-26 13:53:36'),
(1037, 12.21, 1.93, 23.53, 14.06, 5.52, 77.56, 92, 29.8, '2025-11-26 13:53:38'),
(1038, 12.18, 2.02, 24.59, 14.09, 5, 70.49, 92, 29.8, '2025-11-26 13:53:40'),
(1039, 12.18, 1.93, 23.54, 14.06, 5.49, 77.13, 92, 29.8, '2025-11-26 13:53:42'),
(1040, 12.11, 1.91, 23.06, 14.07, 5.55, 78.05, 92, 29.8, '2025-11-26 13:53:44'),
(1041, 12.21, 1.93, 23.53, 14.05, 5.29, 74.33, 92, 29.8, '2025-11-26 13:53:46'),
(1042, 12.23, 1.97, 24.09, 14.02, 5.17, 72.48, 92, 29.8, '2025-11-26 13:53:49'),
(1043, 12.18, 1.93, 23.47, 14.06, 5.21, 73.3, 92, 29.8, '2025-11-26 13:53:51'),
(1044, 12.18, 2.03, 24.79, 14.05, 5.44, 76.46, 91, 29.8, '2025-11-26 13:53:53'),
(1045, 12.16, 1.72, 20.93, 14.05, 5.62, 79.02, 91, 29.8, '2025-11-26 13:53:55'),
(1046, 12.15, 2.02, 24.6, 13.99, 5.4, 75.52, 91, 29.8, '2025-11-26 13:53:57'),
(1047, 12.21, 2, 24.44, 14.06, 5.43, 76.31, 91, 29.8, '2025-11-26 13:53:59'),
(1048, 12.17, 1.93, 23.44, 14.05, 5.68, 79.87, 91, 29.8, '2025-11-26 13:54:01'),
(1049, 12.18, 1.95, 23.74, 14.06, 5.67, 79.69, 91, 29.8, '2025-11-26 13:54:03'),
(1050, 12.18, 2, 24.31, 14.05, 5.41, 76.04, 91, 29.8, '2025-11-26 13:54:06'),
(1051, 12.18, 1.93, 23.47, 14.07, 5.59, 78.72, 91, 29.8, '2025-11-26 13:54:08'),
(1052, 12.08, 1.95, 23.6, 14.05, 5.26, 73.91, 91, 29.8, '2025-11-26 13:54:10'),
(1053, 12.14, 2.01, 24.38, 14.07, 5.12, 72.11, 91, 29.8, '2025-11-26 13:54:12'),
(1054, 12.14, 1.98, 24.05, 14.06, 5.53, 77.77, 91, 29.8, '2025-11-26 13:54:14'),
(1055, 12.07, 2.03, 24.49, 14.06, 5.61, 78.87, 91, 29.8, '2025-11-26 13:54:16'),
(1056, 12.06, 2.11, 25.45, 14.06, 5.65, 79.51, 91, 29.8, '2025-11-26 13:54:18'),
(1057, 12.17, 2.09, 25.42, 14.06, 5.79, 81.39, 91, 29.8, '2025-11-26 13:54:20'),
(1058, 12.08, 1.91, 23.02, 14.1, 5.59, 78.85, 91, 29.8, '2025-11-26 13:54:23'),
(1059, 12.14, 1.74, 21.1, 14.05, 5.62, 79.02, 91, 29.8, '2025-11-26 13:54:25'),
(1060, 12.13, 1.96, 23.83, 14.05, 5.46, 76.68, 91, 29.8, '2025-11-26 13:54:27'),
(1061, 12.08, 2.04, 24.65, 14.06, 5.67, 79.72, 91, 29.8, '2025-11-26 13:54:29'),
(1062, 12.14, 1.92, 23.27, 14.07, 5.56, 78.29, 91, 29.8, '2025-11-26 13:54:31'),
(1063, 12.08, 1.95, 23.6, 14.03, 5.58, 78.28, 91, 29.8, '2025-11-26 13:54:33'),
(1064, 12.1, 1.96, 23.77, 14.05, 5.73, 80.51, 91, 29.8, '2025-11-26 13:54:35'),
(1065, 12.08, 2.01, 24.32, 14.06, 5.47, 76.95, 90, 29.8, '2025-11-26 13:54:37'),
(1066, 12.13, 1.68, 20.35, 14.05, 5.37, 75.4, 90, 29.8, '2025-11-26 13:54:40'),
(1067, 12.08, 2.06, 24.91, 14.06, 5.56, 78.2, 90, 29.8, '2025-11-26 13:54:42'),
(1068, 12.08, 1.98, 23.87, 14.07, 5.43, 76.37, 90, 29.8, '2025-11-26 13:54:44'),
(1069, 12.07, 1.78, 21.42, 14.06, 5.41, 76.07, 90, 29.8, '2025-11-26 13:54:46'),
(1070, 12.08, 1.91, 23.08, 14.1, 5.35, 75.43, 90, 29.8, '2025-11-26 13:54:48'),
(1071, 11.98, 2.08, 24.96, 14.05, 5.58, 78.38, 90, 29.8, '2025-11-26 13:54:50'),
(1072, 12.07, 2.02, 24.36, 14.02, 4.99, 69.93, 90, 29.8, '2025-11-26 13:54:52'),
(1073, 12.08, 1.91, 23.08, 14.08, 5.5, 77.47, 90, 29.8, '2025-11-26 13:54:54'),
(1074, 12.06, 1.84, 22.19, 14.06, 5.49, 77.16, 90, 29.8, '2025-11-26 13:54:57'),
(1075, 12.06, 1.94, 23.43, 14.06, 5.73, 80.54, 90, 29.8, '2025-11-26 13:54:59'),
(1076, 12.06, 1.81, 21.8, 14.06, 5.52, 77.59, 90, 29.8, '2025-11-26 13:55:01'),
(1077, 12.05, 1.98, 23.87, 14.02, 5.23, 73.33, 90, 29.8, '2025-11-26 13:55:03'),
(1078, 12.04, 1.68, 20.26, 14.06, 5.44, 76.52, 90, 29.8, '2025-11-26 13:55:05'),
(1079, 12.04, 1.93, 23.19, 14.07, 5.46, 76.77, 90, 29.8, '2025-11-26 13:55:07'),
(1080, 11.22, 0.29, 3.25, 13.63, 1.15, 15.68, 100, 85, '2025-11-26 14:01:31'),
(1081, 11.26, 0.25, 2.84, 13.63, 1.03, 14.03, 100, 30.2, '2025-11-26 14:01:33'),
(1082, 11.26, 0.29, 3.26, 13.6, 1.09, 14.82, 100, 30.2, '2025-11-26 14:01:35'),
(1083, 11.25, 0.33, 3.75, 13.67, 0.83, 11.38, 100, 30.2, '2025-11-26 14:01:37'),
(1084, 11.28, 0.36, 4.06, 13.67, 0.88, 12, 100, 30.2, '2025-11-26 14:01:40'),
(1085, 11.27, 0.28, 3.21, 13.67, 0.98, 13.45, 100, 30.2, '2025-11-26 14:01:41'),
(1086, 11.28, 0.34, 3.82, 13.67, 0.94, 12.83, 100, 30.2, '2025-11-26 14:01:43'),
(1087, 11.37, 0.3, 3.36, 13.66, 0.83, 11.37, 100, 30.2, '2025-11-26 14:01:47'),
(1088, 11.33, 0.35, 3.96, 13.63, 0.91, 12.38, 100, 30.2, '2025-11-26 14:01:50'),
(1089, 11.27, 0.34, 3.88, 13.63, 1, 13.62, 100, 30.2, '2025-11-26 14:01:54'),
(1090, 11.36, 0.2, 2.25, 13.72, 1.12, 15.37, 100, 30.2, '2025-11-26 14:01:57'),
(1091, 11.27, 0.33, 3.75, 13.65, 0.64, 8.68, 100, 30.2, '2025-11-26 14:02:01'),
(1092, 11.43, 0.35, 3.99, 13.69, 1.15, 15.75, 100, 30.2, '2025-11-26 14:02:04'),
(1093, 11.24, 0.26, 2.95, 13.65, 0.94, 12.81, 100, 30.2, '2025-11-26 14:02:08'),
(1094, 11.28, 0.31, 3.45, 13.65, 1.06, 14.46, 100, 30.2, '2025-11-26 14:02:11'),
(1095, 11.38, 0.38, 4.34, 13.7, 1.06, 14.52, 100, 30.2, '2025-11-26 14:02:14'),
(1096, 11.43, 0.35, 3.99, 13.72, 1.14, 15.58, 100, 30.2, '2025-11-26 14:02:18'),
(1097, 11.43, 0.36, 4.11, 13.68, 1.07, 14.7, 100, 30.2, '2025-11-26 14:02:20'),
(1098, 11.4, 0.25, 2.87, 13.67, 1, 13.66, 100, 30.2, '2025-11-26 14:02:22'),
(1099, 11.48, 0.39, 4.44, 13.67, 0.86, 11.79, 100, 30.2, '2025-11-26 14:02:24'),
(1100, 11.47, 0.3, 3.45, 13.67, 0.91, 12.41, 100, 30.2, '2025-11-26 14:02:26'),
(1101, 11.46, 0.25, 2.89, 13.67, 0.92, 12.63, 100, 30.2, '2025-11-26 14:02:28'),
(1102, 11.47, 0.27, 3.08, 13.7, 1.09, 14.93, 100, 30.2, '2025-11-26 14:02:30'),
(1103, 11.4, 0.27, 3.12, 13.67, 0.62, 8.48, 100, 30.2, '2025-11-26 14:02:33'),
(1104, 11.5, 0.39, 4.45, 13.67, 0.97, 13.25, 100, 30.1, '2025-11-26 14:02:35'),
(1105, 11.43, 0.42, 4.8, 13.62, 0.8, 10.93, 100, 30.1, '2025-11-26 14:02:37'),
(1106, 11.47, 0.22, 2.58, 13.66, 1.12, 15.3, 100, 30.2, '2025-11-26 14:02:39'),
(1107, 11.4, 0.29, 3.31, 13.66, 1.39, 19.03, 100, 30.1, '2025-11-26 14:02:41'),
(1108, 11.5, 0.44, 5.01, 13.67, 1.2, 16.35, 100, 30.2, '2025-11-26 14:02:43'),
(1109, 11.57, 0.35, 4.04, 13.61, 1.23, 16.69, 100, 30.1, '2025-11-26 14:02:45'),
(1110, 11.54, 0.39, 4.53, 13.65, 1.3, 17.77, 100, 30.1, '2025-11-26 14:02:47'),
(1111, 11.55, 0.34, 3.97, 13.61, 1.27, 17.3, 100, 30.1, '2025-11-26 14:02:50'),
(1112, 11.57, 0.31, 3.54, 13.59, 1.32, 17.9, 100, 30.1, '2025-11-26 14:02:52'),
(1113, 11.53, 0.27, 3.09, 13.66, 1.36, 18.61, 100, 30.1, '2025-11-26 14:02:54'),
(1114, 11.58, 0.37, 4.23, 13.63, 1.09, 14.86, 100, 30.1, '2025-11-26 14:02:56'),
(1115, 11.06, 0.02, 0.22, 13.2, 0.21, 2.79, 100, 30.1, '2025-11-26 14:02:58'),
(1116, 11.04, 0.01, 0.1, 12.93, 2.12, 27.42, 100, 30.1, '2025-11-26 14:03:02'),
(1117, 11.15, 0.06, 0.69, 12.71, 4.27, 54.28, 100, 30.1, '2025-11-26 14:03:05'),
(1118, 11.17, 0.06, 0.64, 12.77, 4.44, 56.7, 100, 30.1, '2025-11-26 14:03:08'),
(1119, 11.17, 0.07, 0.75, 12.76, 3.09, 39.44, 99, 30.1, '2025-11-26 14:03:10'),
(1120, 11.16, 0.03, 0.34, 12.77, 4.56, 58.22, 99, 30.1, '2025-11-26 14:03:12'),
(1121, 11.17, 0.01, 0.1, 12.75, 3.82, 48.67, 99, 30.1, '2025-11-26 14:03:14'),
(1122, 11.18, 0.11, 1.23, 12.68, 4.12, 52.26, 99, 30.1, '2025-11-26 14:03:16'),
(1123, 11.12, 0.11, 1.22, 12.74, 4.64, 59.05, 99, 30.1, '2025-11-26 14:03:18'),
(1124, 11.22, 0.01, 0.08, 12.79, 2.47, 31.56, 99, 30.1, '2025-11-26 14:03:20'),
(1125, 11.72, 0.46, 5.36, 13.32, 1.18, 15.72, 99, 30.1, '2025-11-26 14:03:24'),
(1126, 11.86, 0.37, 4.33, 13.32, 1.32, 17.55, 99, 30.1, '2025-11-26 14:03:27'),
(1127, 11.79, 0.37, 4.31, 13.37, 1.33, 17.81, 99, 30.1, '2025-11-26 14:03:29'),
(1128, 11.75, 0.39, 4.55, 13.38, 1.15, 15.39, 99, 30.1, '2025-11-26 14:03:31'),
(1129, 11.85, 0.42, 5.04, 13.38, 1.24, 16.61, 99, 30.1, '2025-11-26 14:03:33'),
(1130, 11.86, 0.26, 3.12, 13.39, 1.36, 18.25, 99, 30.1, '2025-11-26 14:03:35'),
(1131, 11.86, 0.25, 2.99, 13.41, 1.3, 17.46, 99, 30, '2025-11-26 14:03:37'),
(1132, 11.9, 0.25, 3, 13.43, 1.42, 19.11, 99, 30.1, '2025-11-26 14:03:40'),
(1133, 11.92, 0.36, 4.29, 13.43, 1.18, 15.86, 99, 30, '2025-11-26 14:03:42'),
(1134, 11.91, 0.39, 4.68, 13.42, 1.15, 15.45, 99, 30.1, '2025-11-26 14:03:44'),
(1135, 12.08, 0.38, 4.61, 13.42, 1.26, 16.87, 99, 30, '2025-11-26 14:03:46'),
(1136, 12.21, 0.39, 4.73, 13.47, 1.32, 17.74, 99, 30, '2025-11-26 14:03:48'),
(1137, 12.25, 0.4, 4.94, 13.47, 1.12, 15.1, 99, 30, '2025-11-26 14:03:50'),
(1138, 12.27, 0.36, 4.42, 13.47, 1.35, 18.15, 99, 30, '2025-11-26 14:03:52'),
(1139, 12.28, 0.45, 5.49, 13.47, 1.32, 17.74, 99, 30, '2025-11-26 14:03:55'),
(1140, 12.31, 0.37, 4.5, 13.49, 1.32, 17.77, 99, 30, '2025-11-26 14:03:57'),
(1141, 12.34, 0.37, 4.51, 13.49, 1.36, 18.38, 99, 30, '2025-11-26 14:03:59'),
(1142, 12.38, 0.35, 4.32, 13.49, 1.2, 16.14, 99, 30, '2025-11-26 14:04:02'),
(1143, 12.41, 0.35, 4.33, 13.43, 1.42, 19.12, 99, 30, '2025-11-26 14:04:06'),
(1144, 12.47, 0.25, 3.14, 13.5, 1.38, 18.6, 99, 30, '2025-11-26 14:04:08'),
(1145, 11.86, 0.09, 1.07, 12.9, 4.15, 53.56, 99, 30, '2025-11-26 14:04:10'),
(1146, 11.87, 0, 0.02, 12.8, 3.8, 48.65, 99, 30, '2025-11-26 14:04:12'),
(1147, 11.96, 0.04, 0.43, 12.79, 4.42, 56.55, 99, 30, '2025-11-26 14:04:14'),
(1148, 11.93, 0.13, 1.59, 12.78, 3.92, 50.14, 99, 30, '2025-11-26 14:04:16'),
(1149, 11.96, 0.01, 0.1, 12.76, 4.17, 53.17, 99, 30, '2025-11-26 14:04:18'),
(1150, 11.96, 0.02, 0.23, 12.73, 4.48, 57.07, 99, 30, '2025-11-26 14:04:21'),
(1151, 11.95, 0.06, 0.69, 12.71, 3.17, 40.22, 99, 30, '2025-11-26 14:04:23'),
(1152, 12.06, 0.08, 1.02, 12.73, 4.45, 56.71, 99, 30, '2025-11-26 14:04:25'),
(1153, 11.97, 0.05, 0.56, 12.74, 3.57, 45.54, 99, 30, '2025-11-26 14:04:27'),
(1154, 11.99, 0.02, 0.3, 12.75, 3.88, 49.42, 99, 30, '2025-11-26 14:04:29'),
(1155, 12.02, 0.06, 0.74, 12.78, 3.18, 40.65, 99, 30, '2025-11-26 14:04:31'),
(1156, 12.01, 0.06, 0.74, 12.76, 4.59, 58.58, 99, 30, '2025-11-26 14:04:33'),
(1157, 12.07, 0.18, 2.19, 12.74, 3.8, 48.44, 99, 29.9, '2025-11-26 14:04:35'),
(1158, 12.05, 0.01, 0.11, 12.7, 4.45, 56.56, 99, 30, '2025-11-26 14:04:37'),
(1159, 12.07, 0.01, 0.09, 12.77, 3.11, 39.66, 99, 29.9, '2025-11-26 14:04:40'),
(1160, 12.06, 0.07, 0.82, 12.75, 4.36, 55.63, 99, 30, '2025-11-26 14:04:42'),
(1161, 9.39, 0.04, 0.34, 12.73, 4.09, 52.08, 99, 30, '2025-11-26 14:04:44'),
(1162, 1.8, 0.01, 0.02, 12.71, 4.59, 58.32, 98, 30, '2025-11-26 14:04:46'),
(1163, 1.81, 0.05, 0.09, 12.75, 3.82, 48.67, 98, 30, '2025-11-26 14:04:48'),
(1164, 1.78, 0.01, 0.02, 12.79, 2.42, 30.98, 98, 30, '2025-11-26 14:04:50'),
(1165, 1.82, 0.02, 0.04, 12.78, 4.67, 59.63, 98, 29.9, '2025-11-26 14:04:52'),
(1166, 1.81, 0.06, 0.11, 12.77, 3.76, 47.97, 98, 29.9, '2025-11-26 14:04:55'),
(1167, 10.76, 0.11, 1.14, 12.78, 3.17, 40.46, 98, 29.9, '2025-11-26 14:04:57'),
(1168, 12.08, 0.01, 0.16, 12.75, 4.35, 55.41, 98, 29.9, '2025-11-26 14:04:59'),
(1169, 12.13, 0.12, 1.42, 12.75, 4.48, 57.15, 98, 29.9, '2025-11-26 14:05:01'),
(1170, 12.17, 0.01, 0.11, 12.73, 4.83, 61.51, 98, 29.9, '2025-11-26 14:05:03'),
(1171, 12.12, 0.03, 0.37, 12.75, 3.85, 49.06, 98, 29.9, '2025-11-26 14:05:05'),
(1172, 12.18, 0.15, 1.8, 12.79, 4.47, 57.13, 98, 29.9, '2025-11-26 14:05:08'),
(1173, 12.14, 0.15, 1.81, 12.71, 4.71, 59.86, 98, 29.9, '2025-11-26 14:05:09'),
(1174, 12.11, 0, 0.02, 12.93, 0.29, 3.71, 98, 29.9, '2025-11-26 14:05:11'),
(1175, 12.12, 0, 0.04, 12.96, 0.41, 5.29, 98, 29.9, '2025-11-26 14:05:14'),
(1176, 12.11, 0.08, 0.94, 12.99, 0.33, 4.32, 98, 29.9, '2025-11-26 14:05:16'),
(1177, 12.09, 0.01, 0.11, 12.97, 0.24, 3.13, 98, 29.9, '2025-11-26 14:05:18'),
(1178, 12.12, 0.03, 0.37, 13.06, 0.41, 5.33, 98, 29.9, '2025-11-26 14:05:20'),
(1179, 12.07, 0.05, 0.63, 13.03, 0.21, 2.75, 98, 29.9, '2025-11-26 14:05:22'),
(1180, 12.07, 0.01, 0.17, 13.04, 0.32, 4.14, 98, 29.9, '2025-11-26 14:05:24'),
(1181, 12.04, 0.01, 0.11, 13.07, 0.24, 3.16, 98, 29.9, '2025-11-26 14:05:26'),
(1182, 11.71, 0.01, 0.09, 13.08, 0.54, 7.12, 98, 30, '2025-11-26 14:05:28'),
(1183, 11.97, 0.07, 0.82, 13.02, 1.45, 18.93, 98, 30.1, '2025-11-26 14:05:31'),
(1184, 11.92, 0.07, 0.88, 13.03, 1.17, 15.19, 98, 30.1, '2025-11-26 14:05:33'),
(1185, 11.86, 0.08, 1, 12.94, 2.12, 27.44, 98, 30.2, '2025-11-26 14:05:35'),
(1186, 11.89, 0.01, 0.1, 12.86, 3.64, 46.77, 98, 30.2, '2025-11-26 14:05:37'),
(1187, 11.96, 0.01, 0.1, 12.74, 5.27, 67.16, 98, 30.2, '2025-11-26 14:05:39'),
(1188, 11.9, 0.03, 0.35, 12.73, 4.33, 55.14, 98, 30.2, '2025-11-26 14:05:41'),
(1189, 11.86, 0.14, 1.63, 12.78, 3.51, 44.91, 98, 30.1, '2025-11-26 14:05:43'),
(1190, 11.69, 0.05, 0.59, 12.77, 4.47, 57.06, 98, 30.1, '2025-11-26 14:05:45'),
(1191, 11.92, 0.03, 0.36, 12.85, 1.53, 19.65, 98, 30.1, '2025-11-26 14:05:48'),
(1192, 11.79, 0.01, 0.1, 12.72, 3.04, 38.72, 98, 30.1, '2025-11-26 14:05:50'),
(1193, 11.86, 0.01, 0.1, 12.82, 2, 25.64, 98, 30.1, '2025-11-26 14:05:52'),
(1194, 11.87, 0.01, 0.1, 12.81, 3.2, 40.95, 98, 30.1, '2025-11-26 14:05:54'),
(1195, 11.96, 0.05, 0.62, 12.81, 3.32, 42.51, 98, 30.1, '2025-11-26 14:05:56'),
(1196, 11.93, 0, 0.04, 12.93, 3.14, 40.53, 98, 30.1, '2025-11-26 14:05:58'),
(1197, 12.49, 0.4, 5.04, 13.39, 1.32, 17.65, 98, 30.1, '2025-11-26 14:06:02'),
(1198, 12.47, 0.48, 5.97, 13.38, 1.48, 19.85, 98, 30.1, '2025-11-26 14:06:05'),
(1199, 12.51, 0.49, 6.13, 13.47, 1.29, 17.34, 98, 30.1, '2025-11-26 14:06:07'),
(1200, 12.57, 0.37, 4.59, 13.39, 1.35, 18.05, 98, 30.1, '2025-11-26 14:06:09'),
(1201, 12.43, 0.43, 5.35, 13.46, 1.42, 19.16, 98, 30.1, '2025-11-26 14:06:12'),
(1202, 12.46, 0.42, 5.3, 13.5, 1.2, 16.14, 98, 30.1, '2025-11-26 14:06:14'),
(1203, 12.55, 0.37, 4.66, 13.47, 1.38, 18.57, 98, 30, '2025-11-26 14:06:16'),
(1204, 12.57, 0.43, 5.41, 13.51, 1.51, 20.46, 98, 30, '2025-11-26 14:06:18'),
(1205, 12.65, 0.35, 4.49, 13.53, 1.51, 20.48, 98, 30.1, '2025-11-26 14:06:20'),
(1206, 12.6, 0.31, 3.86, 13.5, 1.2, 16.14, 98, 30, '2025-11-26 14:06:22'),
(1207, 12.53, 0.37, 4.58, 13.51, 1.42, 19.23, 98, 30, '2025-11-26 14:06:24'),
(1208, 12.68, 0.45, 5.66, 13.51, 1.32, 17.8, 98, 30, '2025-11-26 14:06:27'),
(1209, 12.65, 0.46, 5.79, 13.53, 1.45, 19.67, 98, 30, '2025-11-26 14:06:29'),
(1210, 12.67, 0.37, 4.7, 13.52, 1.38, 18.63, 98, 30, '2025-11-26 14:06:31'),
(1211, 12.67, 0.44, 5.59, 13.51, 1.27, 17.19, 98, 30, '2025-11-26 14:06:33');

-- --------------------------------------------------------

--
-- Table structure for table `users`
--

CREATE TABLE `users` (
  `id` int(11) NOT NULL,
  `profile_image` varchar(255) DEFAULT NULL,
  `full_name` varchar(100) NOT NULL,
  `email` varchar(100) NOT NULL,
  `contact_number` varchar(20) NOT NULL,
  `date_of_birth` date DEFAULT NULL,
  `address` varchar(255) DEFAULT NULL,
  `password` varchar(255) NOT NULL,
  `role` varchar(50) NOT NULL
) ENGINE=InnoDB DEFAULT CHARSET=utf8mb4 COLLATE=utf8mb4_general_ci;

--
-- Dumping data for table `users`
--

INSERT INTO `users` (`id`, `profile_image`, `full_name`, `email`, `contact_number`, `date_of_birth`, `address`, `password`, `role`) VALUES
(3, 'uploads/Kovo_3_1759219566.jpg', 'Seth Kovo Gonzales', 'sethkovog@gmail.com', '09702563417', '2003-07-12', 'Brgy 6 Tuburan Cebu', '123', 'admin'),
(13, NULL, 'Vencent Buhia', 'vencent@gmail.com', '09094576944', NULL, NULL, '123', 'staff');

-- --------------------------------------------------------

--
-- Table structure for table `user_notifications`
--

CREATE TABLE `user_notifications` (
  `id` int(11) NOT NULL,
  `user_id` int(11) NOT NULL,
  `notification_id` int(11) NOT NULL,
  `is_read` tinyint(1) DEFAULT 0
) ENGINE=InnoDB DEFAULT CHARSET=utf8mb4 COLLATE=utf8mb4_general_ci;

--
-- Dumping data for table `user_notifications`
--

INSERT INTO `user_notifications` (`id`, `user_id`, `notification_id`, `is_read`) VALUES
(1, 3, 1, 1),
(2, 13, 1, 0),
(3, 3, 2, 1),
(4, 13, 2, 0),
(5, 3, 3, 1),
(6, 13, 3, 0),
(7, 3, 4, 1),
(8, 13, 4, 0),
(9, 3, 5, 1),
(10, 13, 5, 0),
(11, 3, 6, 1),
(12, 13, 6, 0),
(13, 3, 7, 1),
(14, 13, 7, 0),
(15, 3, 8, 1),
(16, 13, 8, 0),
(17, 3, 9, 1),
(18, 13, 9, 0),
(19, 3, 10, 1),
(20, 13, 10, 0),
(21, 3, 11, 1),
(22, 13, 11, 0),
(23, 3, 12, 1),
(24, 13, 12, 0),
(25, 3, 13, 1),
(26, 13, 13, 0),
(27, 3, 14, 1),
(28, 13, 14, 0),
(29, 3, 15, 1),
(30, 13, 15, 0),
(31, 3, 16, 1),
(32, 13, 16, 0),
(33, 3, 17, 1),
(34, 13, 17, 0),
(35, 3, 18, 0),
(36, 13, 18, 0),
(37, 3, 19, 0),
(38, 13, 19, 0),
(39, 3, 20, 0),
(40, 13, 20, 0),
(41, 3, 21, 0),
(42, 13, 21, 0),
(43, 3, 22, 0),
(44, 13, 22, 0),
(45, 3, 23, 0),
(46, 13, 23, 0),
(47, 3, 24, 0),
(48, 13, 24, 0),
(49, 3, 25, 0),
(50, 13, 25, 0),
(51, 3, 26, 0),
(52, 13, 26, 0),
(53, 3, 27, 0),
(54, 13, 27, 0),
(55, 3, 28, 0),
(56, 13, 28, 0),
(57, 3, 29, 0),
(58, 13, 29, 0),
(59, 3, 30, 0),
(60, 13, 30, 0),
(61, 3, 31, 0),
(62, 13, 31, 0),
(63, 3, 32, 0),
(64, 13, 32, 0),
(65, 3, 33, 0),
(66, 13, 33, 0),
(67, 3, 34, 0),
(68, 13, 34, 0),
(69, 3, 35, 0),
(70, 13, 35, 0),
(71, 3, 36, 0),
(72, 13, 36, 0),
(73, 3, 37, 0),
(74, 13, 37, 0),
(75, 3, 38, 0),
(76, 13, 38, 0),
(77, 3, 39, 0),
(78, 13, 39, 0),
(79, 3, 40, 0),
(80, 13, 40, 0),
(81, 3, 41, 0),
(82, 13, 41, 0),
(83, 3, 42, 0),
(84, 13, 42, 0),
(85, 3, 43, 0),
(86, 13, 43, 0),
(87, 3, 44, 0),
(88, 13, 44, 0),
(89, 3, 45, 0),
(90, 13, 45, 0),
(91, 3, 46, 0),
(92, 13, 46, 0),
(93, 3, 47, 0),
(94, 13, 47, 0),
(95, 3, 48, 0),
(96, 13, 48, 0),
(97, 3, 49, 0),
(98, 13, 49, 0),
(99, 3, 50, 0),
(100, 13, 50, 0),
(101, 3, 51, 0),
(102, 13, 51, 0),
(103, 3, 52, 0),
(104, 13, 52, 0),
(105, 3, 53, 0),
(106, 13, 53, 0),
(107, 3, 54, 0),
(108, 13, 54, 0),
(109, 3, 55, 0),
(110, 13, 55, 0),
(111, 3, 56, 0),
(112, 13, 56, 0),
(113, 3, 57, 0),
(114, 13, 57, 0),
(115, 3, 58, 0),
(116, 13, 58, 0),
(117, 3, 59, 0),
(118, 13, 59, 0),
(119, 3, 60, 0),
(120, 13, 60, 0),
(121, 3, 61, 0),
(122, 13, 61, 0),
(123, 3, 62, 0),
(124, 13, 62, 0),
(125, 3, 63, 0),
(126, 13, 63, 0),
(127, 3, 64, 0),
(128, 13, 64, 0),
(129, 3, 65, 0),
(130, 13, 65, 0),
(131, 3, 66, 0),
(132, 13, 66, 0),
(133, 3, 67, 0),
(134, 13, 67, 0),
(135, 3, 68, 0),
(136, 13, 68, 0),
(137, 3, 69, 0),
(138, 13, 69, 0),
(139, 3, 70, 0),
(140, 13, 70, 0),
(141, 3, 71, 0),
(142, 13, 71, 0),
(143, 3, 72, 0),
(144, 13, 72, 0),
(145, 3, 73, 0),
(146, 13, 73, 0),
(147, 3, 74, 0),
(148, 13, 74, 0),
(149, 3, 75, 0),
(150, 13, 75, 0),
(151, 3, 76, 0),
(152, 13, 76, 0),
(153, 3, 77, 0),
(154, 13, 77, 0),
(155, 3, 78, 0),
(156, 13, 78, 0),
(157, 3, 79, 0),
(158, 13, 79, 0),
(159, 3, 80, 0),
(160, 13, 80, 0),
(161, 3, 81, 0),
(162, 13, 81, 0),
(163, 3, 82, 0),
(164, 13, 82, 0),
(165, 3, 83, 0),
(166, 13, 83, 0),
(167, 3, 84, 0),
(168, 13, 84, 0),
(169, 3, 85, 0),
(170, 13, 85, 0),
(171, 3, 86, 0),
(172, 13, 86, 0),
(173, 3, 87, 0),
(174, 13, 87, 0),
(175, 3, 88, 0),
(176, 13, 88, 0),
(177, 3, 89, 0),
(178, 13, 89, 0),
(179, 3, 90, 0),
(180, 13, 90, 0),
(181, 3, 91, 0),
(182, 13, 91, 0),
(183, 3, 92, 0),
(184, 13, 92, 0);

-- --------------------------------------------------------

--
-- Table structure for table `weather_history`
--

CREATE TABLE `weather_history` (
  `id` int(11) NOT NULL,
  `time` datetime NOT NULL,
  `temperature` float NOT NULL
) ENGINE=InnoDB DEFAULT CHARSET=utf8mb4 COLLATE=utf8mb4_general_ci;

--
-- Dumping data for table `weather_history`
--

INSERT INTO `weather_history` (`id`, `time`, `temperature`) VALUES
(1, '2025-09-02 19:41:30', 28),
(2, '2025-09-02 19:43:20', 28),
(3, '2025-09-02 19:52:19', 28),
(4, '2025-09-03 10:17:33', 29),
(5, '2025-09-03 10:20:00', 29),
(6, '2025-09-03 10:25:01', 29),
(7, '2025-09-03 10:30:01', 29),
(8, '2025-09-03 10:57:27', 29),
(9, '2025-09-03 11:02:28', 29),
(10, '2025-09-03 11:07:28', 29),
(11, '2025-09-03 11:12:28', 29),
(12, '2025-09-03 11:17:28', 29),
(13, '2025-09-03 11:20:01', 29),
(14, '2025-09-03 11:25:01', 29),
(15, '2025-09-03 11:46:18', 30),
(16, '2025-09-03 11:51:19', 30),
(17, '2025-09-03 11:56:19', 30),
(18, '2025-09-03 12:01:19', 30),
(19, '2025-09-03 12:06:19', 30),
(20, '2025-09-03 12:11:22', 30),
(21, '2025-09-03 12:16:22', 30),
(22, '2025-09-03 12:21:22', 30),
(23, '2025-09-03 12:26:22', 30),
(24, '2025-09-03 12:31:22', 30),
(25, '2025-09-03 12:33:11', 30),
(26, '2025-09-05 17:24:12', 27),
(27, '2025-09-07 12:16:58', 31),
(28, '2025-09-07 12:21:57', 31),
(29, '2025-09-07 12:23:19', 31),
(30, '2025-09-07 12:28:19', 31),
(31, '2025-09-07 12:29:48', 31),
(32, '2025-09-07 22:37:27', 28),
(33, '2025-09-08 08:47:08', 27),
(34, '2025-09-08 08:50:13', 27),
(35, '2025-09-08 08:55:13', 27),
(36, '2025-09-15 16:08:08', 28),
(37, '2025-09-15 16:13:08', 28),
(38, '2025-09-15 16:18:08', 28),
(39, '2025-09-15 16:23:08', 28),
(40, '2025-09-15 16:28:08', 28),
(41, '2025-09-15 16:33:42', 27),
(42, '2025-09-15 16:38:36', 27),
(43, '2025-09-15 16:43:42', 27),
(44, '2025-09-15 16:48:42', 27),
(45, '2025-09-15 16:53:42', 27),
(46, '2025-09-15 16:58:42', 27),
(47, '2025-09-15 17:03:42', 27),
(48, '2025-09-15 17:08:42', 27),
(49, '2025-09-15 17:13:42', 27),
(50, '2025-09-15 17:18:42', 27),
(51, '2025-09-15 17:23:42', 27),
(52, '2025-09-15 17:28:42', 27),
(53, '2025-09-15 17:33:42', 28),
(54, '2025-09-15 17:38:42', 28),
(55, '2025-09-15 17:43:42', 28),
(56, '2025-09-15 17:48:42', 28),
(57, '2025-09-15 17:53:08', 28),
(58, '2025-09-15 18:24:57', 28),
(59, '2025-09-15 18:29:59', 28),
(60, '2025-09-15 18:34:57', 28),
(61, '2025-09-15 18:39:57', 28),
(62, '2025-09-15 18:40:42', 28),
(63, '2025-09-15 18:42:37', 28),
(64, '2025-09-15 18:47:37', 28),
(65, '2025-09-15 18:52:37', 28),
(66, '2025-09-15 18:57:37', 28),
(67, '2025-09-15 22:58:37', 27),
(68, '2025-09-16 16:21:37', 27),
(69, '2025-09-16 16:26:37', 27),
(70, '2025-09-16 16:31:37', 27),
(71, '2025-09-16 16:36:37', 26),
(72, '2025-09-16 16:41:37', 26),
(73, '2025-09-16 16:46:37', 26),
(74, '2025-09-16 16:51:37', 26),
(75, '2025-09-16 16:56:39', 26),
(76, '2025-09-16 17:01:39', 26),
(77, '2025-09-16 17:06:39', 26),
(78, '2025-09-16 17:11:39', 26),
(79, '2025-09-16 17:16:39', 26),
(80, '2025-09-16 17:21:39', 26),
(81, '2025-09-16 17:26:39', 26),
(82, '2025-09-16 17:31:39', 26),
(83, '2025-09-16 17:34:42', 26),
(84, '2025-09-16 17:39:42', 26),
(85, '2025-09-16 17:44:42', 26),
(86, '2025-09-16 17:49:42', 26),
(87, '2025-09-16 17:54:42', 26),
(88, '2025-09-16 18:00:39', 26),
(89, '2025-09-16 18:05:39', 26),
(90, '2025-09-16 18:10:39', 26),
(91, '2025-09-16 18:15:39', 26),
(92, '2025-09-16 18:19:42', 26),
(93, '2025-09-16 18:25:39', 26),
(94, '2025-09-16 20:55:12', 27),
(95, '2025-09-16 21:00:12', 27),
(96, '2025-09-16 21:05:12', 27),
(97, '2025-09-16 21:10:12', 27),
(98, '2025-09-16 21:15:12', 27),
(99, '2025-09-16 21:20:43', 27),
(100, '2025-09-16 21:25:43', 27),
(101, '2025-09-16 21:30:43', 27),
(102, '2025-09-16 21:35:43', 27),
(103, '2025-09-16 21:40:43', 27),
(104, '2025-09-16 21:45:43', 27),
(105, '2025-09-16 21:50:12', 27),
(106, '2025-09-16 21:55:43', 27),
(107, '2025-09-16 22:00:43', 27),
(108, '2025-09-16 22:05:43', 27),
(109, '2025-09-16 22:10:43', 27),
(110, '2025-09-16 22:15:43', 27),
(111, '2025-09-16 22:19:59', 27),
(112, '2025-09-25 08:47:41', 28),
(113, '2025-09-25 08:48:05', 28),
(114, '2025-09-25 08:53:06', 28),
(115, '2025-09-25 08:58:05', 28),
(116, '2025-09-25 09:03:06', 28),
(117, '2025-09-25 09:08:06', 28),
(118, '2025-09-25 09:13:26', 28),
(119, '2025-09-25 09:18:26', 28),
(120, '2025-09-25 09:23:26', 28),
(121, '2025-09-25 09:28:26', 28),
(122, '2025-09-25 09:33:26', 28),
(123, '2025-09-25 09:38:26', 28),
(124, '2025-09-25 09:43:26', 28),
(125, '2025-09-25 09:48:26', 28),
(126, '2025-09-27 14:02:52', 28),
(127, '2025-09-27 14:04:12', 28),
(128, '2025-09-27 14:05:23', 28),
(129, '2025-09-27 14:05:24', 28),
(130, '2025-09-27 14:05:57', 28),
(131, '2025-09-27 14:06:06', 28),
(132, '2025-09-27 14:06:15', 28),
(133, '2025-09-27 14:07:33', 28),
(134, '2025-09-27 14:07:44', 28),
(135, '2025-09-27 14:07:47', 28),
(136, '2025-09-27 14:07:48', 28),
(137, '2025-09-27 14:08:10', 28),
(138, '2025-09-27 14:08:32', 28),
(139, '2025-09-27 14:08:58', 28),
(140, '2025-09-27 14:09:54', 28),
(141, '2025-09-27 14:10:17', 28),
(142, '2025-09-27 14:10:30', 28),
(143, '2025-09-27 14:12:09', 28),
(144, '2025-09-27 14:12:18', 28),
(145, '2025-09-27 14:12:24', 28),
(146, '2025-09-27 14:12:44', 28),
(147, '2025-09-27 14:12:45', 28),
(148, '2025-09-27 14:12:46', 28),
(149, '2025-09-27 14:13:29', 28),
(150, '2025-09-27 14:13:30', 28),
(151, '2025-09-27 14:13:32', 28),
(152, '2025-09-27 14:13:33', 28),
(153, '2025-09-27 14:14:40', 28),
(154, '2025-09-27 14:15:44', 28),
(155, '2025-09-27 14:16:45', 28),
(156, '2025-09-27 14:17:29', 28),
(157, '2025-09-27 14:17:53', 28),
(158, '2025-09-27 14:18:39', 28),
(159, '2025-09-27 14:18:54', 28),
(160, '2025-09-27 14:19:43', 28),
(161, '2025-09-27 14:20:37', 28),
(162, '2025-09-27 14:20:59', 28),
(163, '2025-09-27 14:26:00', 28),
(164, '2025-09-27 14:27:03', 28),
(165, '2025-09-27 14:27:55', 28),
(166, '2025-09-27 14:29:20', 28),
(167, '2025-09-27 14:29:47', 28),
(168, '2025-09-27 14:31:14', 29),
(169, '2025-09-27 14:32:40', 29),
(170, '2025-09-27 14:33:59', 29),
(171, '2025-09-27 14:35:11', 28),
(172, '2025-09-27 14:36:19', 29),
(173, '2025-09-27 14:36:42', 29),
(174, '2025-09-27 14:37:32', 29),
(175, '2025-09-27 14:39:00', 29),
(176, '2025-09-27 14:39:53', 29),
(177, '2025-09-27 14:40:39', 29),
(178, '2025-09-27 14:41:40', 29),
(179, '2025-09-27 14:44:11', 29),
(180, '2025-09-27 14:44:26', 29),
(181, '2025-09-27 14:44:33', 29),
(182, '2025-09-27 14:44:59', 29),
(183, '2025-09-27 14:46:14', 29),
(184, '2025-09-27 14:49:43', 29),
(185, '2025-09-27 14:51:28', 29),
(186, '2025-09-27 14:52:33', 29),
(187, '2025-09-27 14:52:44', 29),
(188, '2025-09-27 14:55:12', 29),
(189, '2025-09-27 14:57:50', 29),
(190, '2025-09-27 14:57:51', 29),
(191, '2025-09-27 14:58:19', 29),
(192, '2025-09-27 14:58:29', 29),
(193, '2025-09-27 14:58:32', 29),
(194, '2025-09-27 14:58:52', 29),
(195, '2025-09-27 15:02:28', 29),
(196, '2025-09-27 15:03:48', 29),
(197, '2025-09-27 15:04:35', 29),
(198, '2025-09-27 15:06:04', 29),
(199, '2025-09-27 15:06:52', 29),
(200, '2025-09-27 15:07:10', 29),
(201, '2025-09-27 15:08:37', 29),
(202, '2025-09-27 15:13:38', 29),
(203, '2025-09-27 15:15:18', 29),
(204, '2025-09-27 15:15:20', 29),
(205, '2025-09-27 15:16:05', 29),
(206, '2025-09-27 15:16:44', 29),
(207, '2025-09-27 15:21:45', 29),
(208, '2025-09-27 15:26:45', 29),
(209, '2025-09-27 15:31:45', 29),
(210, '2025-09-27 15:36:45', 29),
(211, '2025-09-27 15:41:44', 29),
(212, '2025-09-27 15:44:05', 29),
(213, '2025-09-27 15:44:06', 29),
(214, '2025-09-27 15:44:07', 29),
(215, '2025-09-27 15:49:07', 29),
(216, '2025-09-27 15:54:07', 29),
(217, '2025-09-27 15:59:07', 29),
(218, '2025-09-27 16:02:04', 29),
(219, '2025-09-27 16:07:04', 29),
(220, '2025-09-27 16:12:05', 29),
(221, '2025-09-27 16:17:04', 29),
(222, '2025-09-27 16:22:04', 29),
(223, '2025-09-27 16:27:04', 29),
(224, '2025-09-27 16:32:04', 29),
(225, '2025-09-27 16:37:26', 29),
(226, '2025-09-27 16:42:26', 29),
(227, '2025-09-27 16:47:26', 29),
(228, '2025-09-27 16:52:26', 29),
(229, '2025-09-27 16:57:04', 29),
(230, '2025-09-27 17:02:26', 29),
(231, '2025-09-27 17:07:26', 29),
(232, '2025-09-27 17:12:22', 29),
(233, '2025-09-27 17:17:26', 29),
(234, '2025-09-27 17:22:04', 29),
(235, '2025-09-27 17:22:36', 29),
(236, '2025-09-27 17:22:39', 29),
(237, '2025-09-27 17:23:03', 29),
(238, '2025-09-27 17:23:42', 29),
(239, '2025-09-27 17:25:09', 29),
(240, '2025-09-27 17:27:41', 29),
(241, '2025-09-27 17:27:43', 29),
(242, '2025-09-27 17:28:35', 29),
(243, '2025-09-27 17:30:23', 29),
(244, '2025-09-27 17:30:24', 29),
(245, '2025-09-27 17:30:25', 29),
(246, '2025-09-27 17:30:25', 29),
(247, '2025-09-27 17:30:26', 29),
(248, '2025-09-27 17:30:26', 29),
(249, '2025-09-27 17:30:26', 29),
(250, '2025-09-27 17:30:27', 29),
(251, '2025-09-27 17:30:27', 29),
(252, '2025-09-27 17:35:28', 29),
(253, '2025-09-27 17:37:34', 29),
(254, '2025-09-27 17:38:16', 29),
(255, '2025-09-27 17:38:31', 29),
(256, '2025-09-27 17:42:44', 29),
(257, '2025-09-27 17:47:44', 29),
(258, '2025-09-27 17:52:44', 29),
(259, '2025-09-27 17:57:44', 29),
(260, '2025-09-27 18:00:56', 29),
(261, '2025-09-27 18:02:06', 29),
(262, '2025-09-27 18:02:07', 29),
(263, '2025-09-27 18:02:42', 29),
(264, '2025-09-27 18:02:44', 29),
(265, '2025-09-27 18:02:45', 29),
(266, '2025-09-27 18:02:49', 29),
(267, '2025-09-27 18:02:50', 29),
(268, '2025-09-27 18:03:31', 29),
(269, '2025-09-27 18:03:34', 29),
(270, '2025-09-27 18:03:35', 29),
(271, '2025-09-27 18:03:36', 29),
(272, '2025-09-27 18:03:36', 29),
(273, '2025-09-27 18:03:37', 29),
(274, '2025-09-27 18:03:37', 29),
(275, '2025-09-27 18:03:37', 29),
(276, '2025-09-27 18:03:37', 29),
(277, '2025-09-27 18:03:38', 29),
(278, '2025-09-27 18:03:39', 29),
(279, '2025-09-27 18:07:20', 29),
(280, '2025-09-27 18:08:19', 29),
(281, '2025-09-27 18:08:47', 29),
(282, '2025-09-27 18:09:41', 29),
(283, '2025-09-27 18:09:44', 29),
(284, '2025-09-27 18:09:45', 29),
(285, '2025-09-27 18:09:47', 29),
(286, '2025-09-27 18:11:42', 29),
(287, '2025-09-27 18:16:42', 29),
(288, '2025-09-27 18:19:46', 29),
(289, '2025-09-27 18:20:52', 29),
(290, '2025-09-27 18:23:16', 29),
(291, '2025-09-27 18:25:21', 29),
(292, '2025-09-27 18:25:22', 29),
(293, '2025-09-27 18:25:23', 29),
(294, '2025-09-27 18:25:23', 29),
(295, '2025-09-27 18:27:54', 29),
(296, '2025-09-27 18:28:16', 29),
(297, '2025-09-27 18:29:19', 29),
(298, '2025-09-27 18:32:35', 29),
(299, '2025-09-27 18:32:53', 29),
(300, '2025-09-27 18:37:53', 28),
(301, '2025-09-27 18:42:53', 28),
(302, '2025-09-27 18:47:53', 28),
(303, '2025-09-27 18:52:53', 28),
(304, '2025-09-27 18:58:26', 28),
(305, '2025-09-27 19:03:26', 28),
(306, '2025-09-27 19:08:26', 28),
(307, '2025-09-27 19:13:26', 28),
(308, '2025-09-27 19:18:26', 28),
(309, '2025-09-27 19:23:26', 28),
(310, '2025-09-27 19:28:26', 28),
(311, '2025-09-27 19:33:26', 28),
(312, '2025-09-27 19:38:26', 28),
(313, '2025-09-27 19:42:53', 28),
(314, '2025-09-27 19:46:47', 28),
(315, '2025-09-27 19:46:56', 28),
(316, '2025-09-27 19:51:56', 28),
(317, '2025-09-27 19:56:56', 28),
(318, '2025-09-28 11:25:13', 29),
(319, '2025-09-28 11:30:13', 29),
(320, '2025-09-28 11:33:20', 29),
(321, '2025-09-28 11:35:44', 29),
(322, '2025-09-28 11:36:28', 29),
(323, '2025-09-28 11:37:53', 29),
(324, '2025-09-28 11:39:53', 29),
(325, '2025-09-28 11:40:22', 29),
(326, '2025-09-28 11:40:38', 29),
(327, '2025-09-28 11:41:20', 29),
(328, '2025-09-28 11:42:02', 29),
(329, '2025-09-28 11:43:11', 29),
(330, '2025-09-28 11:44:12', 29),
(331, '2025-09-28 11:44:54', 29),
(332, '2025-09-28 11:44:56', 29),
(333, '2025-09-28 11:45:19', 29),
(334, '2025-09-28 11:46:11', 29),
(335, '2025-09-28 11:48:00', 29),
(336, '2025-09-28 11:50:28', 29),
(337, '2025-09-28 11:51:42', 29),
(338, '2025-09-28 11:52:41', 29),
(339, '2025-09-28 11:55:09', 29),
(340, '2025-09-28 11:57:55', 29),
(341, '2025-09-28 12:00:31', 29),
(342, '2025-09-28 12:03:58', 29),
(343, '2025-09-28 12:04:16', 29),
(344, '2025-09-28 12:04:24', 29),
(345, '2025-09-28 12:05:44', 29),
(346, '2025-09-28 12:05:52', 29),
(347, '2025-09-28 12:06:10', 29),
(348, '2025-09-28 12:06:25', 29),
(349, '2025-09-28 12:07:21', 29),
(350, '2025-09-28 12:07:27', 29),
(351, '2025-09-28 12:07:39', 29),
(352, '2025-09-28 12:08:19', 29),
(353, '2025-09-28 12:08:35', 29),
(354, '2025-09-28 12:08:42', 29),
(355, '2025-09-28 12:08:53', 29),
(356, '2025-09-28 12:09:11', 29),
(357, '2025-09-28 12:09:26', 29),
(358, '2025-09-28 12:09:48', 29),
(359, '2025-09-28 12:10:04', 29),
(360, '2025-09-28 12:12:17', 29),
(361, '2025-09-28 12:12:35', 29),
(362, '2025-09-28 12:13:10', 29),
(363, '2025-09-28 12:13:33', 29),
(364, '2025-09-28 12:13:37', 29),
(365, '2025-09-28 12:14:50', 29),
(366, '2025-09-28 12:15:14', 29),
(367, '2025-09-28 12:17:34', 29),
(368, '2025-09-28 12:17:49', 29),
(369, '2025-09-28 12:22:50', 29),
(370, '2025-09-28 12:27:50', 29),
(371, '2025-09-28 12:30:59', 29),
(372, '2025-09-28 12:31:23', 29),
(373, '2025-09-28 12:31:25', 29),
(374, '2025-09-28 12:33:59', 29),
(375, '2025-09-28 12:34:12', 29),
(376, '2025-09-28 12:34:18', 29),
(377, '2025-09-28 12:34:23', 29),
(378, '2025-09-28 12:34:36', 29),
(379, '2025-09-28 12:34:49', 29),
(380, '2025-09-28 12:34:57', 29),
(381, '2025-09-28 12:35:54', 29),
(382, '2025-09-28 12:36:16', 29),
(383, '2025-09-28 12:36:18', 29),
(384, '2025-09-28 12:36:20', 29),
(385, '2025-09-28 12:37:25', 29),
(386, '2025-09-28 12:40:25', 29),
(387, '2025-09-28 12:40:47', 29),
(388, '2025-09-28 12:41:04', 29),
(389, '2025-09-28 12:46:04', 29),
(390, '2025-09-28 12:51:04', 29),
(391, '2025-09-28 12:56:04', 29),
(392, '2025-09-28 12:59:33', 29),
(393, '2025-09-28 12:59:44', 29),
(394, '2025-09-28 12:59:55', 29),
(395, '2025-09-28 13:00:54', 29),
(396, '2025-09-28 13:01:12', 29),
(397, '2025-09-28 13:01:32', 29),
(398, '2025-09-28 13:01:35', 29),
(399, '2025-09-28 13:01:43', 29),
(400, '2025-09-28 13:01:54', 29),
(401, '2025-09-28 13:02:00', 29),
(402, '2025-09-28 13:03:22', 29),
(403, '2025-09-28 13:03:35', 29),
(404, '2025-09-28 13:08:36', 29),
(405, '2025-09-28 13:13:36', 29),
(406, '2025-09-28 13:16:08', 29),
(407, '2025-09-28 13:16:14', 29),
(408, '2025-09-28 13:16:24', 29),
(409, '2025-09-28 13:16:45', 29),
(410, '2025-09-28 13:16:59', 29),
(411, '2025-09-28 13:17:16', 29),
(412, '2025-09-28 13:17:31', 29),
(413, '2025-09-28 13:17:42', 29),
(414, '2025-09-28 13:17:54', 29),
(415, '2025-09-28 13:18:06', 29),
(416, '2025-09-28 13:18:18', 29),
(417, '2025-09-28 13:18:54', 29),
(418, '2025-09-28 13:19:36', 29),
(419, '2025-09-28 13:19:47', 29),
(420, '2025-09-28 13:20:01', 29),
(421, '2025-09-28 13:20:38', 29),
(422, '2025-09-28 13:21:00', 29),
(423, '2025-09-28 13:26:00', 29),
(424, '2025-09-28 13:31:00', 29),
(425, '2025-09-28 13:31:26', 29),
(426, '2025-09-28 13:31:38', 29),
(427, '2025-09-28 13:31:44', 29),
(428, '2025-09-28 13:36:44', 29),
(429, '2025-09-28 13:41:44', 29),
(430, '2025-09-28 13:43:07', 29),
(431, '2025-09-28 13:43:17', 29),
(432, '2025-09-28 13:43:27', 29),
(433, '2025-09-28 13:43:35', 29),
(434, '2025-09-28 13:46:06', 29),
(435, '2025-09-28 13:47:17', 29),
(436, '2025-09-28 13:48:44', 29),
(437, '2025-09-28 13:50:35', 29),
(438, '2025-09-28 13:52:31', 29),
(439, '2025-09-28 13:52:54', 29),
(440, '2025-09-28 13:55:09', 29),
(441, '2025-09-28 13:55:18', 29),
(442, '2025-09-28 13:56:01', 29),
(443, '2025-09-28 13:56:19', 29),
(444, '2025-09-28 13:56:24', 29),
(445, '2025-09-28 13:57:16', 29),
(446, '2025-09-28 13:57:27', 29),
(447, '2025-09-28 13:57:46', 29),
(448, '2025-09-28 13:58:01', 29),
(449, '2025-09-28 13:58:02', 29),
(450, '2025-09-28 14:00:29', 29),
(451, '2025-09-28 14:05:29', 29),
(452, '2025-09-28 14:10:29', 29),
(453, '2025-09-28 14:15:29', 29),
(454, '2025-09-28 14:20:29', 29),
(455, '2025-09-28 14:26:26', 29),
(456, '2025-09-28 14:44:14', 29),
(457, '2025-09-28 14:49:14', 29),
(458, '2025-09-28 14:54:14', 29),
(459, '2025-09-28 14:59:14', 29),
(460, '2025-09-28 18:56:33', 28),
(461, '2025-09-28 19:01:33', 28),
(462, '2025-09-28 19:06:33', 28),
(463, '2025-09-28 19:11:33', 28),
(464, '2025-09-28 19:16:33', 28),
(465, '2025-09-28 19:21:33', 28),
(466, '2025-09-28 19:25:41', 28),
(467, '2025-09-28 19:27:24', 28),
(468, '2025-09-28 19:30:40', 28),
(469, '2025-09-28 19:31:33', 28),
(470, '2025-09-28 19:32:20', 28),
(471, '2025-09-28 19:32:32', 28),
(472, '2025-09-28 19:34:00', 28),
(473, '2025-09-28 19:38:17', 28),
(474, '2025-09-28 19:42:13', 28),
(475, '2025-09-28 19:42:21', 28),
(476, '2025-09-28 19:42:29', 28),
(477, '2025-09-28 19:42:32', 28),
(478, '2025-09-28 20:03:03', 28),
(479, '2025-09-28 20:03:04', 28),
(480, '2025-09-28 20:03:05', 28),
(481, '2025-09-28 20:05:28', 28),
(482, '2025-09-28 20:09:52', 28),
(483, '2025-09-28 20:09:54', 28),
(484, '2025-09-28 20:10:46', 28),
(485, '2025-09-28 20:10:52', 28),
(486, '2025-09-28 20:11:00', 28),
(487, '2025-09-28 20:11:58', 28),
(488, '2025-09-28 20:15:44', 28),
(489, '2025-09-28 20:15:55', 28),
(490, '2025-09-28 20:16:21', 28),
(491, '2025-09-28 20:32:53', 28),
(492, '2025-09-28 20:32:57', 28),
(493, '2025-09-28 20:33:15', 28),
(494, '2025-09-28 20:33:47', 28),
(495, '2025-09-28 20:34:51', 28),
(496, '2025-09-28 20:35:01', 28),
(497, '2025-09-28 20:36:11', 28),
(498, '2025-09-29 12:38:56', 30),
(499, '2025-09-29 12:43:56', 30),
(500, '2025-09-29 12:52:52', 30),
(501, '2025-09-29 12:54:58', 30),
(502, '2025-09-29 12:56:56', 30),
(503, '2025-09-29 12:57:04', 30),
(504, '2025-09-29 12:57:31', 30),
(505, '2025-09-29 12:57:40', 30),
(506, '2025-09-29 12:57:45', 30),
(507, '2025-09-29 12:57:46', 30),
(508, '2025-09-29 13:02:47', 30),
(509, '2025-09-29 13:07:47', 30),
(510, '2025-09-29 13:12:47', 30),
(511, '2025-09-29 13:17:47', 30),
(512, '2025-09-29 13:23:25', 30),
(513, '2025-09-29 20:04:13', 28),
(514, '2025-09-29 20:04:43', 28),
(515, '2025-09-29 20:09:43', 28),
(516, '2025-09-29 20:14:43', 28),
(517, '2025-09-29 20:19:43', 28),
(518, '2025-09-29 20:24:43', 28),
(519, '2025-09-29 20:29:43', 28),
(520, '2025-09-29 20:34:05', 28),
(521, '2025-09-29 20:35:22', 28),
(522, '2025-09-29 20:35:25', 28),
(523, '2025-09-29 20:35:27', 28),
(524, '2025-09-29 20:35:28', 28),
(525, '2025-09-29 20:37:06', 28),
(526, '2025-09-29 20:37:07', 28),
(527, '2025-09-29 20:51:21', 28),
(528, '2025-09-29 20:51:30', 28),
(529, '2025-09-29 20:57:52', 28),
(530, '2025-09-29 21:05:27', 28),
(531, '2025-09-29 21:35:14', 28),
(532, '2025-09-29 21:35:22', 28),
(533, '2025-09-29 21:35:28', 28),
(534, '2025-09-29 21:35:29', 28),
(535, '2025-09-29 21:37:29', 28),
(536, '2025-09-29 21:38:11', 28),
(537, '2025-09-29 21:38:12', 28),
(538, '2025-09-29 21:38:14', 28),
(539, '2025-09-29 21:38:15', 28),
(540, '2025-09-29 21:38:17', 28),
(541, '2025-09-29 21:38:18', 28),
(542, '2025-09-29 21:38:19', 28),
(543, '2025-09-29 21:46:53', 28),
(544, '2025-09-30 10:35:10', 30),
(545, '2025-09-30 10:37:06', 30),
(546, '2025-09-30 10:37:11', 30),
(547, '2025-09-30 10:37:12', 30),
(548, '2025-09-30 10:37:14', 30),
(549, '2025-09-30 10:46:01', 30),
(550, '2025-09-30 10:46:10', 30),
(551, '2025-09-30 10:46:12', 30),
(552, '2025-09-30 10:46:25', 30),
(553, '2025-09-30 10:46:39', 30),
(554, '2025-09-30 10:47:15', 30),
(555, '2025-09-30 10:51:43', 30),
(556, '2025-09-30 10:52:01', 30),
(557, '2025-09-30 11:05:21', 30),
(558, '2025-09-30 11:08:36', 30),
(559, '2025-09-30 11:16:48', 30),
(560, '2025-09-30 11:24:08', 30),
(561, '2025-09-30 11:25:20', 30),
(562, '2025-09-30 11:34:11', 30),
(563, '2025-09-30 11:53:04', 30),
(564, '2025-09-30 11:53:18', 30),
(565, '2025-09-30 11:56:55', 30),
(566, '2025-09-30 12:25:21', 30),
(567, '2025-09-30 12:25:24', 30),
(568, '2025-09-30 12:30:24', 30),
(569, '2025-09-30 12:30:30', 30),
(570, '2025-09-30 12:31:02', 30),
(571, '2025-09-30 12:40:04', 30),
(572, '2025-09-30 12:40:06', 30),
(573, '2025-09-30 12:40:19', 30),
(574, '2025-09-30 12:40:56', 30),
(575, '2025-09-30 12:41:35', 30),
(576, '2025-09-30 12:42:08', 30),
(577, '2025-09-30 12:43:58', 30),
(578, '2025-09-30 12:47:00', 30),
(579, '2025-09-30 12:47:22', 30),
(580, '2025-09-30 12:51:31', 30),
(581, '2025-09-30 13:04:47', 30),
(582, '2025-09-30 13:04:49', 30),
(583, '2025-09-30 13:35:08', 29),
(584, '2025-09-30 14:06:56', 29),
(585, '2025-09-30 14:11:44', 29),
(586, '2025-09-30 14:54:35', 29),
(587, '2025-09-30 14:55:37', 29),
(588, '2025-09-30 14:56:27', 29),
(589, '2025-09-30 14:58:28', 29),
(590, '2025-09-30 14:58:46', 29),
(591, '2025-09-30 15:00:19', 29),
(592, '2025-09-30 15:00:43', 29),
(593, '2025-09-30 15:02:49', 29),
(594, '2025-09-30 15:09:39', 29),
(595, '2025-09-30 15:15:40', 29),
(596, '2025-09-30 15:26:13', 29),
(597, '2025-09-30 15:32:06', 28),
(598, '2025-09-30 15:34:42', 29),
(599, '2025-09-30 15:36:01', 29),
(600, '2025-09-30 15:36:02', 29),
(601, '2025-09-30 15:36:06', 29),
(602, '2025-09-30 15:36:13', 29),
(603, '2025-09-30 15:36:19', 28),
(604, '2025-09-30 15:36:24', 28),
(605, '2025-09-30 15:38:37', 28),
(606, '2025-09-30 15:43:08', 28),
(607, '2025-09-30 15:43:47', 28),
(608, '2025-09-30 15:45:25', 28),
(609, '2025-09-30 15:51:52', 28),
(610, '2025-09-30 16:10:01', 28),
(611, '2025-09-30 16:10:46', 28),
(612, '2025-09-30 16:11:30', 28),
(613, '2025-09-30 16:11:32', 28),
(614, '2025-09-30 16:12:10', 28),
(615, '2025-09-30 16:12:23', 28),
(616, '2025-09-30 16:17:23', 28),
(617, '2025-09-30 16:18:31', 28),
(618, '2025-09-30 16:18:33', 28),
(619, '2025-09-30 16:18:49', 28),
(620, '2025-09-30 16:19:33', 28),
(621, '2025-09-30 16:51:06', 28),
(622, '2025-09-30 17:15:44', 28),
(623, '2025-09-30 17:15:48', 28),
(624, '2025-09-30 17:34:57', 28),
(625, '2025-09-30 17:35:33', 28),
(626, '2025-09-30 17:37:36', 28),
(627, '2025-09-30 17:57:48', 28),
(628, '2025-09-30 17:58:35', 28),
(629, '2025-09-30 17:58:42', 28),
(630, '2025-09-30 18:03:43', 28),
(631, '2025-09-30 18:03:57', 28),
(632, '2025-09-30 18:04:04', 28),
(633, '2025-09-30 18:09:04', 28),
(634, '2025-09-30 18:14:04', 28),
(635, '2025-09-30 18:18:33', 28),
(636, '2025-09-30 18:22:46', 28),
(637, '2025-09-30 18:24:02', 28),
(638, '2025-09-30 18:26:22', 28),
(639, '2025-09-30 18:26:48', 28),
(640, '2025-09-30 18:26:56', 28),
(641, '2025-09-30 18:27:51', 28),
(642, '2025-09-30 18:29:26', 28),
(643, '2025-09-30 18:31:25', 28),
(644, '2025-09-30 18:33:28', 28),
(645, '2025-09-30 18:34:38', 28),
(646, '2025-09-30 18:34:57', 28),
(647, '2025-09-30 18:36:50', 28),
(648, '2025-09-30 18:37:55', 28),
(649, '2025-09-30 18:38:39', 28),
(650, '2025-09-30 18:38:41', 28),
(651, '2025-09-30 18:38:56', 28),
(652, '2025-09-30 18:43:56', 28),
(653, '2025-09-30 18:48:56', 28),
(654, '2025-09-30 18:50:44', 28),
(655, '2025-09-30 18:55:45', 28),
(656, '2025-09-30 19:00:45', 28),
(657, '2025-09-30 19:05:45', 28),
(658, '2025-09-30 19:10:45', 28),
(659, '2025-09-30 19:16:23', 28),
(660, '2025-09-30 19:20:45', 28),
(661, '2025-09-30 19:26:13', 28),
(662, '2025-09-30 19:31:23', 28),
(663, '2025-09-30 19:35:18', 28),
(664, '2025-09-30 19:40:17', 28),
(665, '2025-09-30 19:45:17', 28),
(666, '2025-09-30 19:50:17', 28),
(667, '2025-09-30 19:55:17', 28),
(668, '2025-09-30 20:00:25', 28),
(669, '2025-09-30 20:05:25', 28),
(670, '2025-09-30 20:10:25', 28),
(671, '2025-09-30 20:15:25', 28),
(672, '2025-09-30 20:18:47', 28),
(673, '2025-09-30 20:23:49', 28),
(674, '2025-09-30 20:24:54', 28),
(675, '2025-09-30 20:29:55', 28),
(676, '2025-09-30 20:34:55', 28),
(677, '2025-09-30 20:39:55', 28),
(678, '2025-09-30 20:44:56', 28),
(679, '2025-09-30 20:50:07', 28),
(680, '2025-09-30 20:53:26', 28),
(681, '2025-09-30 20:58:26', 28),
(682, '2025-09-30 21:03:26', 28),
(683, '2025-09-30 21:05:31', 28),
(684, '2025-09-30 21:09:51', 28),
(685, '2025-09-30 21:15:42', 28),
(686, '2025-09-30 21:23:41', 28),
(687, '2025-09-30 21:28:42', 28),
(688, '2025-09-30 21:48:21', 28),
(689, '2025-09-30 21:53:22', 28),
(690, '2025-09-30 21:58:22', 28),
(691, '2025-10-06 14:25:02', 29),
(692, '2025-10-06 14:25:07', 29),
(693, '2025-10-06 14:25:35', 29),
(694, '2025-10-06 14:45:12', 29),
(695, '2025-10-06 14:50:11', 29),
(696, '2025-10-11 15:26:41', 28),
(697, '2025-10-11 15:26:45', 28),
(698, '2025-10-11 15:26:47', 28),
(699, '2025-10-11 15:26:48', 28),
(700, '2025-10-11 15:26:49', 28),
(701, '2025-10-11 15:26:50', 28),
(702, '2025-10-11 15:26:50', 28),
(703, '2025-10-11 15:26:52', 28),
(704, '2025-10-11 15:26:58', 28),
(705, '2025-10-11 15:27:12', 28),
(706, '2025-10-11 15:27:19', 28),
(707, '2025-10-11 15:32:20', 28),
(708, '2025-10-11 15:37:20', 28),
(709, '2025-10-11 15:42:20', 28),
(710, '2025-10-11 15:47:20', 28),
(711, '2025-10-11 15:52:55', 28),
(712, '2025-10-11 15:57:55', 28),
(713, '2025-10-11 16:02:55', 28),
(714, '2025-10-11 16:22:45', 28),
(715, '2025-10-11 16:27:45', 28),
(716, '2025-10-11 16:32:45', 28),
(717, '2025-10-11 16:37:45', 28),
(718, '2025-10-11 16:42:45', 28),
(719, '2025-10-14 23:11:47', 28),
(720, '2025-10-14 23:16:47', 28),
(721, '2025-10-14 23:17:44', 28),
(722, '2025-10-14 23:17:48', 28),
(723, '2025-10-14 23:18:09', 28),
(724, '2025-10-14 23:18:34', 28),
(725, '2025-10-14 23:19:01', 28),
(726, '2025-10-14 23:19:12', 28),
(727, '2025-10-14 23:19:17', 28),
(728, '2025-10-14 23:19:32', 28),
(729, '2025-10-14 23:20:07', 28),
(730, '2025-10-14 23:21:14', 28),
(731, '2025-10-14 23:21:46', 28),
(732, '2025-10-14 23:41:20', 28),
(733, '2025-10-14 23:51:11', 28),
(734, '2025-10-14 23:51:47', 28),
(735, '2025-10-14 23:52:47', 28),
(736, '2025-10-14 23:52:52', 28),
(737, '2025-10-14 23:54:03', 28),
(738, '2025-10-15 00:05:03', 28),
(739, '2025-10-15 00:10:03', 28),
(740, '2025-10-15 00:13:08', 28),
(741, '2025-10-15 00:18:07', 28),
(742, '2025-10-15 00:23:07', 28),
(743, '2025-10-15 00:28:07', 28),
(744, '2025-10-15 00:28:18', 28),
(745, '2025-10-15 00:29:18', 28),
(746, '2025-10-15 00:30:40', 27),
(747, '2025-10-15 00:33:52', 27),
(748, '2025-10-15 00:34:56', 27),
(749, '2025-10-15 00:35:48', 27),
(750, '2025-10-15 00:40:48', 27),
(751, '2025-10-15 00:45:48', 27),
(752, '2025-10-15 00:49:43', 27),
(753, '2025-10-15 00:49:57', 27),
(754, '2025-10-15 00:51:05', 27),
(755, '2025-10-15 00:51:18', 27),
(756, '2025-10-15 00:51:18', 27),
(757, '2025-10-15 00:51:20', 27),
(758, '2025-10-15 00:51:33', 27),
(759, '2025-10-15 00:51:35', 27),
(760, '2025-10-15 00:51:39', 27),
(761, '2025-10-15 00:51:43', 27),
(762, '2025-10-15 00:51:44', 27),
(763, '2025-10-15 00:51:46', 27),
(764, '2025-10-15 00:51:50', 27),
(765, '2025-10-15 00:51:57', 27),
(766, '2025-10-15 00:51:57', 27),
(767, '2025-10-15 00:51:58', 27),
(768, '2025-10-15 00:51:59', 27),
(769, '2025-10-15 00:52:17', 27),
(770, '2025-10-15 00:52:18', 27),
(771, '2025-10-15 00:52:25', 27),
(772, '2025-10-15 00:52:26', 27),
(773, '2025-10-15 00:52:49', 27),
(774, '2025-10-15 00:54:47', 27),
(775, '2025-10-15 00:54:50', 27),
(776, '2025-10-15 01:01:15', 27),
(777, '2025-10-15 01:02:16', 27),
(778, '2025-10-15 01:02:41', 27),
(779, '2025-10-15 01:02:44', 27),
(780, '2025-10-15 01:03:05', 27),
(781, '2025-10-15 01:03:22', 27),
(782, '2025-10-15 01:04:19', 27),
(783, '2025-10-15 01:05:05', 27),
(784, '2025-10-15 01:35:37', 27),
(785, '2025-10-15 01:36:20', 27),
(786, '2025-10-15 01:36:55', 27),
(787, '2025-10-15 01:37:17', 27),
(788, '2025-10-15 01:55:31', 27),
(789, '2025-10-15 01:55:34', 27),
(790, '2025-10-15 02:09:17', 27),
(791, '2025-10-15 02:30:29', 27),
(792, '2025-10-15 12:13:49', 29),
(793, '2025-10-15 12:31:42', 29),
(794, '2025-10-15 12:34:33', 29),
(795, '2025-10-15 12:48:39', 29),
(796, '2025-10-15 12:48:44', 29),
(797, '2025-10-15 12:53:45', 29),
(798, '2025-10-15 13:14:38', 29),
(799, '2025-10-15 13:17:47', 29),
(800, '2025-10-15 13:17:49', 29),
(801, '2025-10-15 13:19:07', 29),
(802, '2025-10-15 13:24:07', 29),
(803, '2025-10-15 13:29:07', 29),
(804, '2025-10-15 13:34:07', 29),
(805, '2025-10-15 13:39:07', 29),
(806, '2025-10-15 13:43:32', 29),
(807, '2025-10-15 13:48:32', 29),
(808, '2025-10-15 13:52:52', 29),
(809, '2025-10-15 14:08:32', 29),
(810, '2025-10-15 14:10:23', 29),
(811, '2025-10-15 14:59:26', 30),
(812, '2025-10-15 14:59:34', 30),
(813, '2025-10-15 15:00:27', 30),
(814, '2025-10-15 15:01:05', 30),
(815, '2025-10-15 15:01:09', 30),
(816, '2025-10-15 15:01:32', 30),
(817, '2025-10-15 15:01:34', 30),
(818, '2025-10-15 15:06:42', 30),
(819, '2025-10-15 15:11:43', 30),
(820, '2025-10-15 15:16:43', 30),
(821, '2025-10-15 15:21:43', 30),
(822, '2025-10-15 15:26:43', 30),
(823, '2025-10-15 15:31:44', 30),
(824, '2025-10-15 15:36:44', 30),
(825, '2025-10-15 15:41:44', 30),
(826, '2025-10-15 15:54:16', 30),
(827, '2025-10-15 15:55:21', 30),
(828, '2025-10-15 15:55:45', 30),
(829, '2025-10-15 16:18:38', 29),
(830, '2025-10-15 16:19:42', 29),
(831, '2025-10-15 16:24:43', 29),
(832, '2025-10-15 16:29:43', 29),
(833, '2025-10-15 16:32:07', 29),
(834, '2025-10-15 16:37:07', 28),
(835, '2025-10-15 16:42:07', 28),
(836, '2025-10-15 16:47:07', 28),
(837, '2025-10-15 16:52:07', 28),
(838, '2025-10-15 16:58:06', 28),
(839, '2025-10-15 17:09:52', 28),
(840, '2025-10-15 17:09:54', 28),
(841, '2025-10-15 17:16:51', 28),
(842, '2025-10-15 17:17:19', 28),
(843, '2025-10-15 17:27:14', 28),
(844, '2025-10-15 17:27:28', 28),
(845, '2025-10-15 17:38:09', 29),
(846, '2025-10-15 17:38:11', 29),
(847, '2025-10-15 17:39:39', 29),
(848, '2025-10-15 17:39:57', 29),
(849, '2025-10-15 17:44:57', 29),
(850, '2025-10-15 17:45:32', 29),
(851, '2025-10-15 18:10:34', 29),
(852, '2025-10-15 18:11:32', 29),
(853, '2025-10-15 18:16:32', 29),
(854, '2025-10-15 18:21:33', 29),
(855, '2025-10-15 18:26:33', 29),
(856, '2025-10-15 18:31:32', 29),
(857, '2025-10-15 18:33:45', 29),
(858, '2025-10-15 18:40:34', 28),
(859, '2025-10-15 18:50:33', 28),
(860, '2025-10-15 18:50:43', 28),
(861, '2025-10-15 18:54:41', 28),
(862, '2025-10-15 18:54:43', 28),
(863, '2025-10-15 18:55:17', 28),
(864, '2025-10-15 19:37:47', 27),
(865, '2025-10-15 20:23:15', 27),
(866, '2025-10-15 20:26:33', 28),
(867, '2025-10-15 20:26:56', 28),
(868, '2025-10-15 20:29:06', 28),
(869, '2025-10-15 20:30:42', 28),
(870, '2025-10-15 21:23:57', 28),
(871, '2025-10-15 21:26:46', 28),
(872, '2025-10-15 21:26:51', 28),
(873, '2025-10-15 21:27:18', 28),
(874, '2025-10-15 21:27:19', 28),
(875, '2025-10-15 21:27:21', 28),
(876, '2025-10-15 21:27:50', 28),
(877, '2025-10-15 21:28:01', 28),
(878, '2025-10-15 21:28:06', 28),
(879, '2025-10-15 21:28:57', 28),
(880, '2025-10-15 21:29:15', 28),
(881, '2025-10-16 15:30:43', 29),
(882, '2025-10-16 15:32:38', 29),
(883, '2025-10-16 15:32:40', 29),
(884, '2025-10-16 15:32:53', 29),
(885, '2025-10-16 15:35:10', 29),
(886, '2025-10-16 15:36:28', 29),
(887, '2025-10-16 15:36:39', 29),
(0, '2025-10-16 15:46:12', 29),
(0, '2025-10-16 15:47:23', 29),
(0, '2025-10-16 15:47:46', 29),
(0, '2025-10-16 16:10:47', 29),
(0, '2025-10-16 16:20:31', 29),
(0, '2025-10-16 16:25:31', 29),
(0, '2025-10-16 16:30:31', 29),
(0, '2025-10-16 16:35:31', 29),
(0, '2025-10-16 16:40:31', 29),
(0, '2025-10-16 16:46:09', 29),
(0, '2025-10-16 16:51:09', 29),
(0, '2025-10-16 16:56:09', 29),
(0, '2025-10-16 17:00:31', 29),
(0, '2025-10-16 17:05:31', 29),
(0, '2025-10-16 17:10:32', 29),
(0, '2025-10-16 17:10:36', 29),
(0, '2025-10-16 17:15:07', 29),
(0, '2025-10-16 17:15:11', 29),
(0, '2025-10-16 17:15:20', 29),
(0, '2025-10-16 17:16:33', 29),
(0, '2025-10-16 17:17:48', 29),
(0, '2025-10-16 17:18:40', 29),
(0, '2025-10-16 17:19:02', 29),
(0, '2025-10-16 17:23:38', 29),
(0, '2025-10-16 17:25:16', 29),
(0, '2025-10-16 17:25:51', 29),
(0, '2025-10-16 17:26:20', 29),
(0, '2025-10-16 17:27:07', 29),
(0, '2025-10-16 17:27:49', 29),
(0, '2025-10-16 17:27:54', 29),
(0, '2025-10-16 17:28:04', 29),
(0, '2025-10-16 17:28:13', 29),
(0, '2025-10-16 17:28:14', 29),
(0, '2025-10-16 17:28:14', 29),
(0, '2025-10-16 17:28:15', 29),
(0, '2025-10-16 17:28:15', 29),
(0, '2025-10-16 17:28:15', 29),
(0, '2025-10-16 17:28:16', 29),
(0, '2025-10-16 17:28:19', 29),
(0, '2025-10-16 17:28:27', 29),
(0, '2025-10-16 17:28:39', 29),
(0, '2025-10-16 17:33:40', 28),
(0, '2025-10-16 17:38:40', 28),
(0, '2025-10-16 17:43:18', 28),
(0, '2025-10-16 17:48:18', 28),
(0, '2025-10-16 17:53:18', 28),
(0, '2025-10-16 17:58:18', 28),
(0, '2025-10-16 18:03:18', 28),
(0, '2025-10-16 18:08:59', 28),
(0, '2025-10-16 18:14:09', 28),
(0, '2025-10-16 18:15:38', 28),
(0, '2025-10-16 18:20:37', 28),
(0, '2025-10-16 18:25:37', 28),
(0, '2025-10-16 18:30:37', 28),
(0, '2025-10-16 18:35:37', 28),
(0, '2025-10-16 18:40:37', 28),
(0, '2025-10-17 14:27:43', 29),
(0, '2025-10-17 14:34:16', 29),
(0, '2025-10-17 14:40:44', 29),
(0, '2025-10-17 14:41:35', 29),
(0, '2025-10-17 14:46:35', 29),
(0, '2025-10-17 14:51:36', 29),
(0, '2025-10-17 15:06:52', 29),
(0, '2025-10-17 15:11:53', 29),
(0, '2025-10-17 15:16:53', 29),
(0, '2025-10-17 15:21:53', 29),
(0, '2025-10-17 15:37:57', 29),
(0, '2025-10-17 15:42:57', 29),
(0, '2025-10-17 16:05:12', 29),
(0, '2025-10-17 16:05:36', 29),
(0, '2025-10-17 16:15:52', 29),
(0, '2025-10-19 14:19:26', 30),
(0, '2025-10-19 14:34:31', 30),
(0, '2025-10-19 14:45:23', 30),
(0, '2025-10-19 14:48:37', 30),
(0, '2025-10-19 14:49:20', 30),
(0, '2025-10-19 15:32:07', 30),
(0, '2025-10-22 20:19:21', 28),
(0, '2025-10-22 20:24:21', 28),
(0, '2025-10-22 20:26:19', 28),
(0, '2025-10-22 20:26:48', 28),
(0, '2025-10-22 21:10:49', 28),
(0, '2025-11-17 14:16:26', 30),
(0, '2025-11-17 17:53:31', 28),
(0, '2025-11-17 18:01:31', 28),
(0, '2025-11-17 18:02:01', 28),
(0, '2025-11-17 18:02:33', 28),
(0, '2025-11-17 19:42:34', 28),
(0, '2025-11-17 19:44:44', 28),
(0, '2025-11-17 19:45:24', 28),
(0, '2025-11-17 19:46:00', 28),
(0, '2025-11-17 19:48:37', 28),
(0, '2025-11-17 19:50:32', 28),
(0, '2025-11-17 19:51:30', 28),
(0, '2025-11-17 19:56:30', 28),
(0, '2025-11-24 08:52:20', 27),
(0, '2025-11-24 08:59:53', 27),
(0, '2025-11-24 14:32:09', 27),
(0, '2025-11-24 14:32:51', 27),
(0, '2025-11-24 14:34:41', 27),
(0, '2025-11-24 14:37:09', 27),
(0, '2025-11-24 15:10:56', 26),
(0, '2025-11-24 15:11:36', 26),
(0, '2025-11-24 15:14:46', 26),
(0, '2025-11-24 15:15:05', 26),
(0, '2025-11-24 15:19:16', 26),
(0, '2025-11-24 15:24:17', 26),
(0, '2025-11-24 15:28:47', 26),
(0, '2025-11-24 15:31:32', 26),
(0, '2025-11-24 15:31:50', 26),
(0, '2025-11-24 15:33:00', 26),
(0, '2025-11-24 15:38:02', 26),
(0, '2025-11-24 15:38:43', 26),
(0, '2025-11-24 15:39:05', 26),
(0, '2025-11-24 15:44:05', 26),
(0, '2025-11-24 15:49:05', 26),
(0, '2025-11-24 15:54:05', 26),
(0, '2025-11-24 15:59:05', 26),
(0, '2025-11-24 16:04:05', 26),
(0, '2025-11-24 16:09:13', 26),
(0, '2025-11-24 16:11:04', 26),
(0, '2025-11-24 16:13:45', 26),
(0, '2025-11-24 16:18:45', 26),
(0, '2025-11-24 16:23:45', 26),
(0, '2025-11-24 16:28:45', 26),
(0, '2025-11-24 16:33:45', 26),
(0, '2025-11-24 16:37:01', 26),
(0, '2025-11-24 16:42:00', 26),
(0, '2025-11-24 16:45:49', 26),
(0, '2025-11-24 16:53:34', 26),
(0, '2025-11-24 16:58:34', 26),
(0, '2025-11-24 17:03:34', 26),
(0, '2025-11-24 17:04:54', 26),
(0, '2025-11-24 17:09:54', 26),
(0, '2025-11-24 17:14:54', 26),
(0, '2025-11-24 17:19:53', 26),
(0, '2025-11-24 17:20:25', 26),
(0, '2025-11-24 17:37:11', 26),
(0, '2025-11-24 17:38:58', 26),
(0, '2025-11-24 17:43:58', 26),
(0, '2025-11-24 17:45:08', 26),
(0, '2025-11-24 17:50:08', 26),
(0, '2025-11-24 17:54:54', 26),
(0, '2025-11-24 17:57:17', 26),
(0, '2025-11-24 17:57:41', 26),
(0, '2025-11-24 18:23:51', 26),
(0, '2025-11-24 18:28:51', 26),
(0, '2025-11-24 18:33:51', 26),
(0, '2025-11-24 18:38:51', 26),
(0, '2025-11-24 18:41:54', 26),
(0, '2025-11-24 18:44:13', 26),
(0, '2025-11-24 18:49:13', 26),
(0, '2025-11-25 11:25:07', 28),
(0, '2025-11-25 11:31:51', 28),
(0, '2025-11-25 11:34:44', 28),
(0, '2025-11-25 11:39:44', 28),
(0, '2025-11-26 00:09:11', 27),
(0, '2025-11-26 00:10:14', 27),
(0, '2025-11-26 00:12:39', 27),
(0, '2025-11-26 00:17:31', 27),
(0, '2025-11-26 00:22:31', 27),
(0, '2025-11-26 00:27:31', 27),
(0, '2025-11-26 00:28:49', 27),
(0, '2025-11-26 00:33:49', 27),
(0, '2025-11-26 00:37:50', 27),
(0, '2025-11-26 12:45:14', 30),
(0, '2025-11-26 12:45:54', 30),
(0, '2025-11-26 12:47:31', 30),
(0, '2025-11-26 12:48:02', 30),
(0, '2025-11-26 12:48:20', 30),
(0, '2025-11-26 12:48:25', 30),
(0, '2025-11-26 12:48:34', 30),
(0, '2025-11-26 12:52:19', 30),
(0, '2025-11-26 12:52:30', 30),
(0, '2025-11-26 12:52:44', 30),
(0, '2025-11-26 12:53:16', 30),
(0, '2025-11-26 12:58:17', 30),
(0, '2025-11-26 13:03:16', 30),
(0, '2025-11-26 13:08:16', 30),
(0, '2025-11-26 13:13:17', 30),
(0, '2025-11-26 13:17:25', 30),
(0, '2025-11-26 13:18:11', 30),
(0, '2025-11-26 13:18:52', 30),
(0, '2025-11-26 13:19:51', 30),
(0, '2025-11-26 13:21:58', 30),
(0, '2025-11-26 13:22:34', 30),
(0, '2025-11-26 13:23:07', 30),
(0, '2025-11-26 13:23:23', 30),
(0, '2025-11-26 13:27:30', 30),
(0, '2025-11-26 13:39:13', 31),
(0, '2025-11-26 13:39:34', 31),
(0, '2025-11-26 13:41:33', 31),
(0, '2025-11-26 13:42:35', 31),
(0, '2025-11-26 13:43:37', 31),
(0, '2025-11-26 13:45:00', 31),
(0, '2025-11-26 13:46:31', 31),
(0, '2025-11-26 13:48:26', 31),
(0, '2025-11-26 13:51:34', 31),
(0, '2025-11-26 13:56:35', 31),
(0, '2025-11-26 14:01:34', 31),
(0, '2025-11-26 14:01:44', 31),
(0, '2025-11-26 14:02:55', 31),
(0, '2025-11-26 14:03:19', 31),
(0, '2025-11-26 14:03:58', 31),
(0, '2025-11-26 14:05:56', 31);

--
-- Indexes for dumped tables
--

--
-- Indexes for table `battery_threshold`
--
ALTER TABLE `battery_threshold`
  ADD PRIMARY KEY (`id`),
  ADD UNIQUE KEY `threshold_name` (`threshold_name`);

--
-- Indexes for table `control_load`
--
ALTER TABLE `control_load`
  ADD PRIMARY KEY (`id`),
  ADD UNIQUE KEY `load_name` (`load_name`);

--
-- Indexes for table `notifications`
--
ALTER TABLE `notifications`
  ADD PRIMARY KEY (`id`);

--
-- Indexes for table `sensor_reading`
--
ALTER TABLE `sensor_reading`
  ADD PRIMARY KEY (`id`);

--
-- Indexes for table `users`
--
ALTER TABLE `users`
  ADD PRIMARY KEY (`id`),
  ADD UNIQUE KEY `email` (`email`);

--
-- Indexes for table `user_notifications`
--
ALTER TABLE `user_notifications`
  ADD PRIMARY KEY (`id`);

--
-- AUTO_INCREMENT for dumped tables
--

--
-- AUTO_INCREMENT for table `battery_threshold`
--
ALTER TABLE `battery_threshold`
  MODIFY `id` int(11) NOT NULL AUTO_INCREMENT, AUTO_INCREMENT=2;

--
-- AUTO_INCREMENT for table `control_load`
--
ALTER TABLE `control_load`
  MODIFY `id` int(11) NOT NULL AUTO_INCREMENT, AUTO_INCREMENT=2;

--
-- AUTO_INCREMENT for table `notifications`
--
ALTER TABLE `notifications`
  MODIFY `id` int(11) NOT NULL AUTO_INCREMENT, AUTO_INCREMENT=93;

--
-- AUTO_INCREMENT for table `sensor_reading`
--
ALTER TABLE `sensor_reading`
  MODIFY `id` int(11) NOT NULL AUTO_INCREMENT, AUTO_INCREMENT=1212;

--
-- AUTO_INCREMENT for table `users`
--
ALTER TABLE `users`
  MODIFY `id` int(11) NOT NULL AUTO_INCREMENT, AUTO_INCREMENT=14;

--
-- AUTO_INCREMENT for table `user_notifications`
--
ALTER TABLE `user_notifications`
  MODIFY `id` int(11) NOT NULL AUTO_INCREMENT, AUTO_INCREMENT=185;
COMMIT;

/*!40101 SET CHARACTER_SET_CLIENT=@OLD_CHARACTER_SET_CLIENT */;
/*!40101 SET CHARACTER_SET_RESULTS=@OLD_CHARACTER_SET_RESULTS */;
/*!40101 SET COLLATION_CONNECTION=@OLD_COLLATION_CONNECTION */;
